initial_liquidity,symbol_length,has_numbers,has_special_chars,market_cap_estimate,social_mentions_24h,launch_hour,day_of_week,gas_price,has_verified_contract,num_holders_initial,is_meme_token,similar_tokens_count,success
0.003681908649529533,7,0,0,22767.2843457923,2,18,5,1.2881190218984143e-05,0,41,0,2,1
0.02366163648767189,5,0,0,36942.61938230846,3,2,5,6.159585056871638e-05,1,1,1,1,0
0.3152014534852258,9,0,1,24973.56425074098,7,18,3,7.858108618226022e-05,0,40,0,0,1
0.22279254243620855,7,1,1,18430.624896019646,4,13,2,4.996843656857648e-05,0,42,1,3,1
0.20130710543299798,9,0,0,13356.120331252216,3,20,2,7.365513634699859e-05,1,34,1,3,1
0.4308889804007998,5,1,1,4990.429713061774,4,0,0,4.3538724597362853e-05,1,94,0,2,1
0.3888160959763708,3,0,0,21598.631120910777,8,15,4,7.160466647826246e-05,0,72,1,2,1
0.04395179197338603,7,1,1,13053.448069486902,1,13,1,3.543276984501539e-05,0,90,0,4,1
0.22884207594814787,3,0,0,31260.57686849381,3,17,1,9.274747621427576e-05,0,94,1,3,1
0.40020951336242777,4,1,0,1407.2765424448219,8,2,2,9.907256829150367e-05,1,9,1,1,1
0.001836280050822276,4,0,0,6446.70833784898,4,6,4,9.876097865787521e-05,1,96,0,1,1
0.10847746687903966,3,1,0,16421.262364224796,4,7,1,1.380117152278181e-05,1,69,1,0,1
0.41415046973430764,7,0,0,38431.25370063842,6,21,6,3.177002490019396e-05,0,28,1,2,1
0.43790858819673295,3,1,1,1937.3054307127493,2,1,4,3.9904549407797065e-05,1,21,1,1,1
0.4973349897602542,9,1,0,43972.545688190934,1,14,2,8.787954891825454e-05,1,41,0,2,1
0.273609503001239,8,1,0,44209.92965165602,5,8,4,6.430452248329239e-05,1,85,0,3,1
0.4376763834035775,4,1,0,43094.08112580182,5,1,0,2.994112849492856e-05,1,77,1,2,1
0.2784275053340534,4,0,1,30862.81310638842,9,4,5,6.261984975348465e-05,1,45,0,3,1
0.31427142060671753,3,0,0,2438.241211990544,3,19,1,5.298934111690619e-05,0,40,0,4,1
0.20756212907877464,4,0,1,40135.39698014059,4,7,6,4.382351275577265e-05,0,52,0,4,1
0.4459789648726641,5,1,0,46006.8246210878,8,23,0,7.810517236929521e-05,1,64,0,3,1
0.49846028306723233,3,1,1,46780.72850475357,5,22,1,4.1255044023655595e-05,1,12,1,3,1
0.11389638147399642,8,0,0,27708.577545533466,5,19,1,7.875280912328139e-05,0,39,1,0,1
0.3506869883467809,3,0,1,26256.518057933787,4,23,3,6.531649013687585e-05,0,98,0,2,1
0.1653446683801818,9,1,0,29792.335349232413,4,11,4,2.9235994176505294e-05,0,83,1,4,1
0.14384824755231806,9,0,0,46255.19459426806,5,10,5,4.950640668311887e-05,1,79,1,3,1
0.20064954382070685,4,0,1,19478.531568208262,6,9,6,5.298865643766321e-05,0,64,0,2,1
0.2662423591061525,9,0,1,45774.32005432413,3,15,1,9.589486062323407e-05,0,86,1,0,1
0.18915569494379678,3,0,1,18426.368265164572,10,3,5,4.9657186318783395e-05,1,42,1,4,1
0.07738058476722252,3,1,0,8772.41247452546,4,8,2,5.4815664088378536e-05,0,44,0,3,1
0.23243453737896738,8,1,1,35236.45242142801,3,19,5,9.204629349188712e-05,0,96,0,4,1
0.35332172075922597,6,1,0,6400.976724403428,4,23,1,8.478293167796659e-05,0,34,0,1,1
0.47174719374856067,9,0,1,39681.377234739695,3,1,3,4.9207917563282785e-05,0,25,1,0,1
0.3755782984989329,5,1,1,36242.423910673664,3,14,2,4.055276645231696e-05,0,95,0,0,1
0.19066953277735046,5,1,1,34488.59983351873,4,18,0,1.186658448603169e-05,1,33,1,4,1
0.18327362906303826,9,1,1,28513.250670995658,4,12,2,9.293798510013593e-05,1,12,1,3,0
0.4092300258063642,4,1,1,9368.55850383622,5,12,1,2.0769380657026418e-05,0,88,1,1,1
0.31813121453581306,3,0,0,30905.664159127813,4,21,6,1.5838608042088955e-05,1,28,0,3,1
0.4321942195983401,8,0,1,18323.90223024295,3,2,5,6.0874905140443534e-05,1,27,0,0,1
0.3379026051175552,9,1,1,2487.5616340273946,3,16,3,5.0833268285691195e-05,1,6,0,0,0
0.12327116244827362,7,0,1,30740.84529329854,3,20,0,8.496396448456698e-05,0,75,0,4,1
0.08088672655193709,5,0,0,47200.973448220044,4,15,6,6.353971815396168e-05,0,54,1,1,1
0.3269499753012954,7,1,1,38270.849061563255,4,9,0,3.5572098223225795e-05,1,49,0,0,1
0.4068139697522857,8,1,0,30622.32218258943,7,14,6,2.136015486758478e-05,0,90,1,0,1
0.20903295113688414,5,0,1,41020.8322821675,8,0,5,6.100127185261767e-05,0,7,0,4,0
0.20624976162135125,7,1,0,45299.876170842384,3,2,1,8.180437147807563e-05,1,98,0,1,1
0.20540101326229784,9,0,0,15306.860482950342,4,21,6,6.654935822160749e-05,1,11,0,4,0
0.4944733466834908,7,1,1,30931.516980509816,4,22,3,9.560216833745568e-05,1,97,1,2,1
0.36596597380704915,6,1,1,47131.464286611066,5,7,3,2.7087929221414776e-05,0,6,0,2,0
0.45027063248113836,6,1,1,38437.25735422828,3,11,6,2.838004820893998e-05,0,58,1,3,1
0.2422815297788785,4,1,1,23414.096412473955,6,0,2,3.736823718476411e-05,1,84,0,4,1
0.4726626666413166,8,1,1,45568.80024317609,10,5,2,9.974602918122341e-05,0,48,0,3,1
0.12821141300763664,3,0,0,23068.13215897317,7,9,0,1.2130521993285352e-05,0,66,0,2,1
0.12188855678489437,8,0,1,5087.7638556111015,3,3,5,9.600190365207379e-05,0,13,1,4,0
0.01212376775183525,9,1,0,29225.7001343893,10,10,4,5.520230478640464e-05,0,8,0,2,0
0.1597826863830613,5,1,0,41553.56300029047,9,15,6,9.620008490836568e-05,1,33,1,2,1
0.3428238171865687,3,0,1,49472.23643530272,4,13,3,7.650883066534489e-05,0,78,1,4,1
0.10206735599351377,4,0,0,4568.259986415826,6,6,4,1.6180406961983373e-05,0,47,0,2,1
0.11114512676379745,6,1,1,10376.577847428924,2,23,6,9.852046163140884e-05,1,83,1,4,1
0.2163922845570746,5,0,1,12013.309995187117,5,21,1,6.722940137724155e-05,0,12,1,0,0
0.28782256724386235,6,1,1,9961.86515807,5,6,2,8.45622954896459e-05,0,62,1,2,1
0.2238889065535946,3,0,1,23886.63279345228,8,2,3,6.314390485662851e-05,1,30,1,2,1
0.12477697038400543,4,0,0,47109.21100663382,7,10,4,7.171521480143003e-05,0,49,0,3,1
0.28139420956369027,5,1,1,41968.668273840914,6,19,6,8.001578997404524e-05,0,87,1,0,1
0.006810391445073118,9,1,0,43955.10567933923,11,13,6,6.881881146886361e-05,1,69,1,0,1
0.12558320656571523,7,0,1,14005.779966165386,4,18,4,7.973268296148237e-05,0,68,1,4,1
0.23908791330007892,6,0,1,5663.738579856929,5,6,3,9.790119742043324e-05,0,33,1,1,1
0.18460651401053896,8,1,0,27196.51008201157,3,3,5,5.969559386885844e-05,1,28,1,4,1
0.10491022049333111,3,1,0,28266.089971293346,6,1,0,4.920116264749908e-05,0,67,0,0,1
0.4857301432167881,6,1,0,34100.67469444464,4,8,1,8.660403448114998e-05,1,43,0,4,1
0.30780437902292923,8,1,0,45762.77603182728,4,17,0,7.733223421708638e-05,0,58,0,0,1
0.26910758572135723,5,0,0,42319.24869381852,3,15,6,2.3622310392517493e-05,1,40,1,4,1
0.26363544253529364,4,0,1,49704.84939067343,3,7,6,5.462791300467312e-05,0,36,1,2,1
0.36634026299164585,3,1,1,12110.552172648466,4,13,4,4.992960232547068e-05,0,99,1,3,1
0.07871443059830192,4,1,1,16428.91747777223,5,9,2,9.211915672275999e-05,1,73,1,3,1
0.08528097894533941,3,0,1,48819.807208482605,1,12,2,9.03958157535369e-05,0,1,0,1,0
0.4119843779393071,6,1,0,48147.3225765733,5,20,0,8.009164617402339e-05,0,88,1,0,1
0.3493944724558738,8,0,1,24817.482794995973,7,3,5,5.9775947685433406e-05,0,67,0,2,1
0.09999949058309474,7,1,1,4956.403192443087,6,21,3,3.059948138074079e-05,1,46,1,2,1
0.35956203964667066,7,0,0,2516.648087611796,1,17,0,1.4340742291498264e-05,1,98,0,2,1
0.1734333932280599,5,1,1,3451.447177170963,5,9,4,8.203023246373796e-05,0,99,1,0,1
0.47192285332754386,7,1,1,13738.532569536876,1,15,1,9.716328428562184e-05,1,33,1,4,1
0.14152629757664348,6,0,0,32213.712015233097,5,21,0,8.379706387689372e-05,1,39,0,4,1
0.2542843446016586,7,1,1,7046.537643225601,5,23,2,1.801242853515798e-05,0,84,1,3,1
0.18758425567722964,7,0,1,41897.49824490631,9,10,6,3.019625605919943e-05,1,16,1,3,1
0.20778086181158084,9,1,1,30312.630800945844,7,11,5,1.4269394430324292e-05,1,43,1,0,1
0.10135300458617821,6,1,1,35754.8690863419,7,22,3,9.116378067127562e-05,0,89,0,3,1
0.48956994900082296,6,1,0,33547.201618379884,5,18,3,5.368619275517357e-05,0,18,0,0,0
0.018261993302195967,3,0,0,35904.145983144335,2,10,3,3.4807840632057075e-05,0,42,0,3,1
0.14067530727596375,6,1,0,49482.48771882997,4,4,6,9.609135294668295e-05,0,21,0,2,0
0.410435321610588,3,0,0,36041.01459156217,7,6,6,4.312554200265712e-05,1,85,0,4,1
0.23917527876861522,7,0,1,46656.03337354765,2,1,0,4.794302682696425e-05,1,85,1,0,1
0.49706138774836095,5,0,0,12660.878338897519,7,2,2,6.696480700847548e-05,1,35,1,2,1
0.4634311960869981,5,1,0,45078.796644154005,4,3,0,8.983892710813042e-05,1,93,0,1,1
0.30158743440527686,8,1,1,2418.9604163244567,5,11,5,5.113159098332218e-05,0,16,1,1,0
0.19787590597002133,4,1,0,29525.417211311167,5,18,2,4.859587538576731e-05,1,77,0,3,1
0.04765938879917222,4,0,1,22939.980835167094,3,17,1,5.8028924625193855e-05,1,1,0,4,0
0.3359673334630351,6,1,1,30483.636246884787,2,16,1,5.848249792446455e-05,1,95,1,3,1
0.35569652034055743,9,0,0,17139.28508912086,7,20,2,6.239286508423693e-05,1,25,1,4,1
0.20716053200249696,4,0,1,28065.21899309898,8,16,1,8.925593515217156e-05,0,33,1,2,1
0.3157695190329055,4,0,0,3655.8727111195144,7,21,6,9.633725169644481e-05,0,26,0,2,1
0.2976141861103589,4,1,1,3519.503175551418,3,16,5,7.515630806990037e-05,0,21,1,0,0
0.1685908089062323,7,0,0,26847.89309613733,7,10,2,9.441507935425648e-05,0,70,0,2,1
0.3237090134778538,7,1,1,28586.439273995144,9,22,1,4.362949765111632e-05,0,35,0,0,1
0.22488278832142508,6,0,0,19476.151711958744,5,18,4,3.5191852798807234e-05,1,67,1,0,1
0.023304253860213925,4,0,1,19168.10387952665,6,16,6,4.856926288964832e-05,0,36,0,2,1
0.2788643542124553,5,1,1,24469.519893068158,4,8,3,9.662926095089251e-05,1,94,0,1,1
0.28817044143214077,8,0,1,16688.50710083187,1,10,5,8.79319093292227e-05,0,82,0,2,1
0.09578864399332518,4,1,0,41237.85815696704,4,9,3,1.6956239915911585e-05,1,87,0,3,1
0.2947078782956083,6,0,0,27158.703130830585,2,16,1,5.232699026489273e-05,0,61,0,2,1
0.13199045671256812,8,0,1,15529.638516111656,3,4,5,3.1720828817210245e-05,1,42,1,4,1
0.06354826699712983,5,0,0,41893.888890035654,3,2,5,2.2684750117229516e-05,0,59,0,0,1
0.2170730044221457,8,1,0,11654.179376115208,4,14,2,6.950983412961935e-05,0,20,1,3,0
0.406967273673484,4,0,1,6366.340964922821,3,15,6,5.582913651483759e-05,0,34,0,3,1
0.2372259036514456,4,0,0,16918.879726117866,2,11,0,5.050640621729162e-05,0,1,0,4,0
0.20205500571528295,7,1,1,12461.034608714508,5,8,1,4.436124957447257e-05,1,43,1,3,1
0.4186603469375857,9,1,0,2147.471432851664,3,2,2,2.9431235474164788e-05,0,98,1,2,1
0.31885292663704445,6,1,0,3489.1937705510527,9,19,1,1.0686188882853847e-05,1,51,1,2,1
0.23048645116826338,8,1,1,2245.756455178181,4,13,5,1.880172668716352e-05,1,58,0,1,1
0.21184815239170768,5,0,0,37119.517698654985,6,7,6,8.814779264190518e-05,1,27,0,2,1
0.40768237639774846,8,1,0,26745.36571323158,8,12,4,7.335964550997003e-05,1,56,0,4,1
0.43396944780516,7,0,1,10054.185540117418,3,9,3,5.493960889265128e-05,1,87,1,0,1
0.33391733252079203,8,1,0,1311.9300636548942,5,17,0,6.697400848901472e-05,1,31,1,1,1
0.2781487075121472,9,1,0,41149.18775957886,4,8,3,3.161161918451746e-05,1,73,1,2,1
0.13662761468051882,5,1,0,46626.21069136814,2,15,0,3.932032641770941e-05,0,32,1,4,0
0.41186734487513565,9,0,0,31663.49541718839,6,0,4,2.346013698421707e-05,0,92,1,4,1
0.10159539072021306,3,0,1,45008.21018588018,7,13,0,5.50505160610543e-05,0,60,0,1,1
0.05268250629193598,7,0,0,32092.543698741672,5,10,3,5.9791579810590975e-05,0,25,0,2,0
0.3263578752560958,3,1,0,43226.03772112702,3,11,6,4.150976616586225e-05,1,32,1,2,1
0.4693791437577745,4,0,1,25786.020353324326,8,2,6,5.940364021692252e-05,1,92,1,0,1
0.324264658427085,3,1,0,12371.97371072783,5,8,3,1.6228468917250272e-05,0,53,1,1,1
0.33711293126516384,7,0,1,46618.43767547211,9,22,5,9.011855241570813e-05,0,43,1,3,1
0.26419838387211825,5,1,0,40491.38641093025,5,21,3,7.741825932534856e-05,0,64,0,0,1
0.006409948165767266,3,0,0,11087.644645200126,4,1,0,4.937665465100022e-05,0,43,0,4,1
0.34467698667180424,7,1,1,49298.463060468464,4,9,6,6.577150975805629e-05,1,77,1,3,1
0.19089866287762738,3,1,0,11475.357163186394,6,22,2,4.117291508515368e-05,1,78,0,3,1
0.26128376348975024,7,0,1,34033.72566042845,5,23,1,6.581264370690897e-05,0,13,1,0,0
0.20322617677839488,7,0,1,34207.30005946613,3,17,3,2.082032912119419e-05,1,78,1,2,1
0.4203815865610272,6,1,0,35962.73833440235,7,6,1,8.443207260395241e-05,0,84,1,4,1
0.29078972166050937,8,0,0,39405.1868831947,4,9,0,1.4573571999449419e-05,1,12,1,3,0
0.1992151269562197,6,1,0,14375.682104486234,7,12,6,2.3629536122031857e-05,1,92,1,0,1
0.4983144901055621,3,1,0,37140.67456196385,6,3,4,8.20359096091027e-05,1,46,1,4,1
0.22263785609543862,8,0,1,33336.00504020002,7,15,1,1.1637404021096003e-05,1,85,1,2,1
0.03379980710073231,5,1,1,29876.323041426578,6,1,2,8.442652379203059e-05,1,54,0,2,1
0.17237449414967693,4,0,0,9545.760034472467,6,22,4,1.3432425672081086e-05,1,37,0,4,1
0.4966761167597652,6,0,0,29413.514336390188,2,6,4,6.146332566385816e-05,1,68,0,0,1
0.4955856314539445,3,0,1,47540.189755830805,3,15,4,6.642413982669027e-05,1,24,1,1,1
0.3947550158825045,7,0,1,38167.895178807084,1,9,3,3.818334301281922e-05,0,98,0,1,1
0.24835998195104048,6,0,1,37741.0916379229,4,10,5,4.8747734743345713e-05,0,34,1,2,1
0.12205446295009167,7,0,0,36211.56879991153,4,2,0,7.785202564188412e-05,1,50,1,4,1
0.16528773123718069,4,0,0,7568.268630016136,3,5,0,7.196610306910831e-05,1,79,0,0,1
0.3928928108581457,8,0,1,8627.42100990655,8,2,0,9.749306866215641e-05,1,54,0,0,1
0.3198453672662358,3,1,1,35302.02803264741,10,7,4,1.3561404146509027e-05,1,59,1,4,1
0.44937635219147504,7,0,1,5210.809365336362,5,22,0,5.408295907120592e-05,1,79,1,2,1
0.11301152224903195,9,1,0,3163.377368863402,5,8,2,2.876070009372653e-05,0,82,1,4,1
0.1630308360911936,3,0,0,42360.45201348932,6,5,2,9.360509733883138e-05,1,23,0,3,1
0.023459937630726364,9,0,0,48022.17166067509,6,4,6,3.841365015477852e-05,0,46,1,1,1
0.17141463492959705,3,1,1,26219.808656033718,4,12,2,3.260468963219972e-05,1,37,1,2,1
0.06664603973464837,9,0,1,13080.387439522743,3,19,4,1.8475189640704526e-05,0,40,1,0,1
0.11949887373818133,5,0,1,7821.9333214111075,4,20,1,1.0991524123392645e-05,0,10,1,2,0
0.18528067725553213,8,0,1,40339.87327482876,6,15,2,6.166836378892343e-05,1,14,0,2,0
0.4289262785563965,5,1,0,24908.780105415775,4,23,5,1.8576923077575554e-05,0,87,1,3,1
0.3282631171825127,8,0,0,39588.0435320981,0,16,2,7.504798098393802e-05,1,81,1,3,1
0.07752920170544425,4,1,1,47466.283422927496,5,8,2,7.162717799382134e-05,1,66,0,4,1
0.10471261140067877,6,1,1,36623.221743517686,5,14,5,2.8631433811878883e-05,0,35,0,0,1
0.23596402366267824,7,1,1,30078.948728628242,9,1,3,2.286261096010365e-05,0,53,1,3,1
0.4083672776685597,5,1,1,22714.183602423902,1,4,5,6.160205688301585e-05,0,58,0,1,1
0.34426206332217785,7,0,0,46761.36081754881,7,3,1,2.5895547205515406e-05,1,4,0,4,0
0.335544142020221,3,0,0,15049.904710213783,2,15,0,1.738846712605053e-05,1,50,1,2,1
0.051476883000228936,7,1,0,7847.62967180112,3,18,5,1.0964523722769224e-05,1,43,1,3,1
0.4035676989700924,4,1,0,11148.366149787538,6,19,4,9.433452554531508e-05,1,8,0,1,0
0.4597724861644823,9,0,0,38104.71130832417,3,12,4,3.110166025155303e-05,1,10,0,0,0
0.32771337016204316,7,0,0,1295.2225954752714,6,6,5,6.135438694009206e-05,1,95,1,1,1
0.48910614971427024,6,0,0,3784.057166658436,8,16,3,2.8766921830360576e-05,1,5,1,1,1
0.34183048357246343,6,0,0,24580.317218536642,7,10,5,9.40898726659088e-05,0,88,1,1,1
0.2259060782875961,3,1,1,41493.40634355464,8,1,2,8.586122064449253e-05,1,37,1,4,1
0.1968250750110972,4,0,0,9653.601721252147,3,17,0,6.257708946176801e-05,0,70,1,0,1
0.1646868986802533,8,0,1,16597.08078525665,5,19,5,4.963561415981921e-05,1,88,0,4,1
0.32094337433901243,3,1,1,29379.34941346593,4,11,4,3.588480566213285e-05,0,19,1,3,0
0.4011329397078785,4,1,0,30703.713382645295,4,21,4,3.0317989891090028e-05,0,72,0,0,1
0.12792315342750363,6,0,0,12164.579321979949,4,19,1,3.633691290716221e-05,0,67,0,2,1
0.1738919353701544,4,1,0,9832.434758468678,6,8,2,5.85030743725888e-05,1,24,0,0,1
0.43253948120912905,3,0,1,8037.476488471391,6,9,4,6.666041489254383e-05,0,5,1,1,0
0.20238156418714567,3,1,1,17630.255560234295,2,0,4,4.383979726945261e-05,0,30,1,0,0
0.4575364638688081,6,0,1,42225.68878010637,8,3,4,4.150574910916367e-05,0,51,0,0,1
0.303638588502814,8,0,1,4581.625809034713,4,23,0,4.7659760544103985e-05,1,73,1,1,1
0.3590376896314837,3,0,1,28083.76023694269,1,23,5,1.606820857354684e-05,0,58,0,0,1
0.045847138933590784,8,0,0,34825.991377074526,4,3,6,4.646065258094698e-05,0,51,1,4,1
0.07026555513375994,6,1,0,14340.427223006966,5,6,1,7.159666111320762e-05,1,73,1,2,1
0.297093110095774,5,0,0,25761.585295445624,4,5,0,6.545743235991315e-05,1,6,0,1,0
0.24921921700858496,4,0,1,40809.95543634587,3,11,0,3.4203342775781586e-05,0,58,1,0,1
0.43165216612668544,7,1,1,16193.33968857863,6,12,6,8.610881273353703e-05,0,48,1,3,1
0.4353097774497607,3,1,1,27875.198000419892,9,2,6,9.911785389398332e-05,1,24,0,3,1
0.37823454833431275,6,0,1,34886.9125199232,7,1,1,9.783369343615738e-05,0,39,1,1,1
0.13526882298799492,4,0,1,39369.95655792424,4,21,5,3.0459696210383104e-05,1,48,0,0,1
0.4206463881388939,3,0,1,23686.182225844812,1,16,1,7.258119684657737e-05,0,42,0,0,1
0.42293782890056936,3,1,0,6567.889085689915,5,4,3,1.6382201981012858e-05,1,67,0,0,1
0.20476334072562657,4,0,0,20464.091284776405,5,18,5,6.237231755496243e-05,1,28,0,4,1
0.26408483736003546,9,1,1,22688.317322444596,7,17,5,9.567894943201277e-05,0,77,1,0,1
0.09776234267484502,7,0,1,21469.193966426577,10,8,1,3.353864063407669e-05,0,61,0,1,1
0.10105239774291457,4,0,0,46461.42308190072,10,10,5,6.690221264115207e-05,0,73,1,4,1
0.07985062754760382,9,0,1,4717.0163466908625,6,8,4,2.362320384057587e-05,1,6,1,0,0
0.46938509908103593,4,0,0,30149.49669921396,3,0,5,6.915805438648539e-05,1,26,0,4,1
0.2585150339905957,5,1,1,15282.188657196171,3,15,5,5.43671296081203e-05,0,10,0,2,0
0.3728188127043715,3,0,0,34293.965237488024,4,15,2,9.44425342185937e-05,0,35,0,3,1
0.4320506673199137,6,0,1,42318.51208981433,4,23,1,8.014576705875774e-05,1,30,0,3,1
0.15119232296270899,5,1,1,15451.002414120228,4,17,6,8.920593053522488e-05,1,83,1,0,1
0.4576758836258336,7,1,0,27893.976619521287,7,20,1,9.616652857830092e-05,1,53,1,0,1
0.18636276660867138,7,0,1,11722.502031341484,3,15,0,3.307342196648807e-05,0,80,1,0,1
0.2538455968861099,5,0,1,29983.895643278498,6,22,5,1.4269284836201456e-05,1,57,0,4,1
0.44917896320411466,5,0,0,27136.53818903845,5,19,2,6.900985991478042e-05,1,32,0,1,1
0.029858616480211705,9,0,1,11311.560260699262,6,8,4,3.867255274746963e-05,1,71,1,4,1
0.2553085127457548,9,0,0,5419.256240531879,10,19,1,6.220343331749233e-05,1,25,0,3,1
0.39116177620180104,4,0,1,31693.66011090391,7,20,3,2.6614560245061192e-05,1,59,0,0,1
0.2834446769187705,9,0,1,21615.50822748619,5,5,0,2.2760139299742713e-05,0,51,1,3,1
0.36468375161898886,5,1,0,36649.39808432933,4,5,6,7.413611733041862e-05,0,36,0,4,1
0.0763855538938166,9,0,0,26614.505571115616,7,13,4,5.3158967433141526e-05,1,32,0,1,1
0.12140229630946196,6,1,1,40916.117109978106,2,7,0,3.5421852509587926e-05,0,4,1,4,0
0.11659452723804198,3,0,1,27559.643697439224,4,3,1,8.65707558569103e-05,1,73,1,2,1
0.11237152527851428,6,1,1,9666.61043389782,4,20,0,5.6645840647456916e-05,1,93,1,2,1
0.10872453897198452,4,1,0,42521.44158470511,5,18,5,4.8162677114551905e-05,0,69,0,1,1
0.04688998992689608,5,1,0,34115.9904865782,2,5,6,5.979616251638953e-05,1,60,0,2,1
0.02677361925965824,3,0,0,48381.037177216596,6,14,0,3.8064940330705506e-05,1,81,1,2,1
0.4629587373080896,9,1,1,33162.51735588528,6,20,1,7.548025035818101e-05,1,42,0,1,1
0.39572099748225875,4,1,0,18663.05901874238,5,1,0,2.0914339050953972e-05,1,42,1,3,1
0.46234941589465756,9,1,0,47487.99469190588,5,3,6,6.207131529137203e-05,1,61,1,1,1
0.3042975284421125,8,0,0,28952.4387725237,9,17,0,5.1733962267224264e-05,0,29,1,0,1
0.447829822723019,3,0,1,15506.775040275843,3,20,2,2.4467899181769337e-05,1,43,1,3,1
0.40484011139894266,8,0,0,40707.33288650106,7,21,6,9.869655374117554e-05,0,93,0,3,1
0.2597376053715078,5,0,0,39583.059978787634,3,13,3,2.8559002796935876e-05,0,82,0,2,1
0.22771595721015594,5,1,1,29071.514231072506,5,18,6,3.190476588348084e-05,1,41,0,2,1
0.4161257482948452,7,1,0,28002.622887937436,2,11,5,1.2573340573020775e-05,0,41,0,2,1
0.13273779469003819,8,1,1,16987.14880252263,5,11,5,6.586210137992007e-05,0,11,1,1,0
0.4134573021892468,6,0,1,19028.223055280312,4,18,4,5.970680737010928e-05,1,80,1,2,1
0.36690698486837775,9,0,1,15525.494228413043,3,23,1,7.615558876685316e-05,1,60,0,0,1
0.2362366971657969,4,1,1,49325.19319037323,3,5,4,1.5559575000722246e-05,1,9,0,0,0
0.13249875571478198,9,1,0,48979.637528800624,6,0,3,7.54620563784755e-05,0,52,1,1,1
0.040921662745169604,3,1,0,46817.3913994804,6,12,5,6.799447506319654e-05,0,1,0,3,0
0.12127787111016804,6,0,0,32184.87610388703,4,23,3,3.874955144558673e-05,1,50,1,3,1
0.24536023054862507,7,1,1,2066.2094756644415,7,4,0,2.2753435591305942e-05,0,99,0,0,1
0.2924139980577428,7,0,1,20347.00644701762,9,11,2,6.436482864052182e-05,0,66,1,2,1
0.3337967197968406,8,1,1,21933.74630778312,4,16,5,8.36830424313466e-05,1,90,1,1,1
0.3291167676488774,6,1,1,21074.844884160397,3,15,4,5.147364080708029e-05,1,89,1,0,1
0.0028315971485034135,9,0,0,27645.256428898425,4,11,5,1.236705661570943e-05,1,6,0,3,0
0.35311653946367116,9,1,0,7571.501542487539,8,16,2,4.0627135859078594e-05,1,29,1,2,1
0.12993462619419568,6,1,0,19741.587783218696,4,4,2,2.4323744344973368e-05,1,83,0,3,1
0.4957953609565165,5,1,1,25832.675816315685,7,4,1,6.852518534731859e-05,1,13,0,2,1
0.46291287050412566,3,0,1,14523.750767598602,9,19,5,7.841274837023737e-05,1,23,0,3,1
0.38810731894892114,6,0,1,2040.12302481754,1,15,6,7.693565414821426e-05,0,47,0,2,1
0.041396614099647594,4,0,1,31826.803461415173,4,0,2,8.873576009862752e-05,0,44,0,2,1
0.019851397316047698,7,1,0,20443.818810846635,8,23,1,4.4268921064531174e-05,1,42,0,2,1
0.49426352049252636,6,0,1,27251.735180094463,7,14,2,2.3220452113774876e-05,1,77,0,1,1
0.0413378693901098,9,1,1,38530.62337684141,7,7,2,5.53587358711112e-05,1,83,1,3,1
0.4825647295067024,6,0,0,40291.15225749895,8,14,1,7.418972618582357e-05,1,84,0,3,1
0.4325111297611862,3,0,1,49115.34203658265,4,2,6,9.63376996516075e-05,0,16,1,4,0
0.4977193960849176,3,1,1,23488.651452306913,2,12,5,2.297467841630282e-05,0,77,0,2,1
0.27784630375261105,5,0,1,4499.479735033625,7,6,4,6.235253111505202e-05,0,60,1,2,1
0.06048670298967287,5,1,0,49511.93584777503,4,22,2,6.656337104709772e-05,0,3,1,0,0
0.15023369514923637,5,0,0,8386.989586797557,2,22,3,8.025990695842048e-05,1,11,0,2,0
0.23863244956810686,3,1,1,16438.09165270607,12,11,0,6.658392448981417e-05,0,64,0,4,1
0.25259956683242557,8,1,0,1452.0521410254498,7,1,5,3.676145955060621e-05,0,88,0,1,1
0.26726433760421003,4,0,1,3048.821246910783,4,14,5,2.4584405839867094e-05,1,82,0,4,1
0.20543418703486502,9,1,0,31447.9850637728,7,1,6,2.24417923431534e-05,0,65,1,0,1
0.08519986523971589,7,1,1,31513.37020957562,4,14,1,8.876733091583487e-05,1,31,0,4,1
0.0678313595948893,7,0,1,29144.991015076565,4,17,0,6.681406273255536e-05,0,97,0,4,1
0.4697120500763759,4,0,0,13777.066214935145,5,12,1,6.687100851688967e-05,1,53,1,3,1
0.4652393696163951,5,1,1,11437.713374201896,9,8,5,7.677282702666836e-05,1,77,1,0,1
0.006931677206886257,5,0,1,3699.15500254246,3,6,0,6.168984302176233e-05,0,34,1,3,1
0.31252122300460045,4,1,0,23166.2102926556,4,14,6,7.681546431696513e-05,1,85,0,1,1
0.48969422173317234,3,1,1,13226.356811619346,3,17,6,4.651521835981155e-05,0,71,1,4,1
0.39421274959628383,5,0,1,25894.91704630263,6,5,3,2.3182746847459256e-05,1,39,0,1,1
0.46880553647446416,8,1,1,9012.041875843344,3,7,3,5.891389884334449e-05,1,33,1,2,1
0.26009265640746804,5,1,1,48638.15000562273,3,22,6,4.291168099043715e-05,1,45,1,3,1
0.35144367719130515,6,1,0,17080.004312102705,6,7,6,3.400301701988626e-05,1,94,0,1,1
0.45929458501508674,7,1,1,15353.637706133559,7,19,6,2.6546551603848213e-05,1,27,1,2,1
0.0833319893796078,7,0,1,20939.21426571739,5,10,6,5.8193015572500636e-05,1,28,0,3,1
0.46321383829671126,3,1,1,34192.867941350945,3,2,3,3.984264488199251e-05,0,78,1,1,1
0.11914172933609796,6,1,1,28720.854187167075,7,22,4,7.677680415431292e-05,0,91,1,0,1
0.18460121155316625,6,0,0,31038.674856227735,4,22,0,6.685434891088323e-05,1,44,0,3,1
0.11696916365637151,5,1,0,45588.14246203476,7,6,3,8.647761634200102e-05,0,28,0,2,1
0.12354578678157468,3,1,0,28473.024229090282,6,18,0,7.4521086631432e-05,0,52,0,4,1
0.26487583012782273,8,1,1,44366.583568150556,4,7,6,7.483683494968076e-05,1,55,0,2,1
0.024245304610565906,3,1,1,31510.176799617915,4,3,4,3.3579965575133966e-05,1,59,1,2,1
0.4191199633928292,7,0,0,1781.778516547795,8,5,6,6.992717684464014e-05,1,49,0,1,1
0.42174313655818807,6,0,1,36405.78976740815,4,14,0,7.154250906554539e-05,1,51,1,1,1
0.234600514728128,3,0,1,36064.33110438818,6,0,4,7.094425506512232e-05,0,34,0,0,1
0.47541663327776584,4,1,0,21184.00482971489,9,19,2,5.7863239940898874e-05,1,27,0,0,1
0.2780126742103591,8,1,1,35276.26194488708,4,18,3,9.26341343671998e-05,0,41,0,3,1
0.136871302116304,8,1,1,37196.49696096061,7,17,1,5.5840631369084605e-05,0,58,1,3,1
0.20533885667426327,3,1,1,37056.45628551543,1,17,1,8.733041751385868e-05,1,32,0,3,1
0.3105050584732294,9,1,0,9138.47301538593,1,19,6,6.717706737028048e-05,0,44,0,1,1
0.060358380355565795,7,1,0,36012.972339326436,6,3,0,4.6546178202778656e-05,0,53,1,4,1
0.41009452391534496,4,0,0,1891.2305468615916,4,8,4,4.598450170344832e-05,0,82,0,3,1
0.05027030210459941,7,1,1,37490.59814321137,9,18,5,7.794991165739248e-05,0,86,0,1,1
0.02064332490479495,8,1,0,9852.128534150863,7,8,5,3.029679085561067e-05,1,53,0,2,1
0.3779094672959318,8,1,1,26542.66243261811,4,9,3,3.711420135272594e-05,1,12,0,0,0
0.004035754108189869,9,0,0,16170.220170574305,7,0,6,9.025898952996853e-05,1,42,1,4,1
0.138323986643963,5,1,1,27551.84670079203,7,6,5,2.8808688264469742e-05,1,35,1,4,1
0.4014699582906993,9,0,1,38947.30632857698,7,8,1,2.2388266172755e-05,1,81,0,3,1
0.3338343736624699,6,1,0,47105.825563002705,6,5,6,1.4037724068575107e-05,0,64,0,2,1
0.11964116930387943,5,0,0,45351.489030012584,1,5,0,1.5548058767369617e-05,1,97,1,4,1
0.42672250713464266,3,0,0,3020.7086507996155,2,18,6,6.6880429460917e-05,0,97,0,0,1
0.21682403646507867,7,1,1,3817.354717831026,6,11,3,7.307634504199982e-05,1,31,1,2,1
0.4698114379826856,6,0,0,33981.615657681796,3,0,1,3.912578574648194e-05,1,56,0,4,1
0.18687536324336823,4,1,0,43209.53597441879,9,14,0,1.2306036725145284e-05,0,12,0,1,0
0.2930382923790899,8,1,1,30867.411871557248,7,16,4,4.2452527834296914e-05,0,70,1,0,1
0.2125185588073398,7,1,0,11610.21550174047,3,8,2,2.345101467637552e-05,1,89,1,0,1
0.20190504143648288,5,1,1,2145.1945219222603,8,10,4,3.3052585301226236e-05,0,91,0,4,1
0.2745281249407157,5,1,0,12068.097770033974,9,11,2,1.7959433118642695e-05,1,9,1,1,1
0.29179137134088096,5,1,0,49643.92355642615,4,23,4,4.4618589368019454e-05,0,38,1,0,1
0.2426594947150549,6,0,0,40678.07542674805,5,22,0,8.758007369169757e-05,0,62,1,4,1
0.009668395318240056,4,1,0,15857.428271567916,3,8,1,2.5571145099254843e-05,1,86,1,3,1
0.2425259554443276,7,1,1,32394.504082422485,2,9,3,7.39349039452609e-05,0,48,0,1,1
0.2632313550849589,7,1,1,42590.423688870666,4,16,0,8.278258109039854e-05,0,72,1,2,1
0.36806319924270836,3,1,1,20068.557957770576,10,0,4,7.238091047772756e-05,0,71,0,4,1
0.3923222841608602,6,0,1,7091.350588209953,5,19,4,6.677167784820857e-05,1,85,1,3,1
0.041932932407766486,8,0,1,44096.29416194938,3,7,6,7.711764951009758e-05,1,46,0,0,1
0.37865176616854607,4,0,1,2785.609656602244,4,4,4,4.4305547515118635e-05,1,19,1,1,1
0.3775088874750028,3,0,0,4589.607959633798,3,2,0,3.0570119531036694e-05,0,59,1,4,1
0.3398577889479895,7,1,0,49021.13077812032,5,22,0,3.8345858643663284e-05,0,90,1,1,1
0.4348386129477476,4,0,0,2632.095626867859,9,1,3,8.344166912090819e-05,1,98,0,4,1
0.001557709538744844,4,0,0,2924.6566395958685,5,20,0,2.423335251198803e-05,1,56,1,2,1
0.08143878941576149,3,0,1,27681.75779455482,9,23,4,1.3564682417164916e-05,1,30,1,0,1
0.2838485931550326,8,1,0,27483.63067078488,9,18,5,8.880136615883274e-05,0,68,1,2,1
0.08317767322870852,8,0,1,38039.53801443456,5,14,6,1.1464259039215087e-05,0,56,0,3,1
0.4804068948283935,3,0,0,35288.55732073404,3,15,3,1.0846945269855928e-05,1,80,0,0,1
0.14586461193023995,6,1,0,24866.044603030612,5,22,2,2.391492350330275e-05,0,81,1,3,1
0.18378844728798494,4,1,1,39213.99844705758,3,18,1,7.290051148238025e-05,0,57,0,3,1
0.20817480148581397,5,1,1,16886.085087836203,2,17,0,8.43065740955615e-05,1,79,1,4,1
0.03255819830315773,7,0,1,6239.252565953594,6,5,0,5.257723577612863e-05,1,23,1,1,1
0.2437988960467748,8,0,1,2295.9851800671145,2,6,4,6.57388763013206e-05,1,93,1,0,1
0.24796460290592304,6,1,1,39218.71356254916,5,22,6,1.962465435816722e-05,1,65,1,1,1
0.3706206366063381,5,1,0,38858.29327444967,5,11,1,5.96901698448713e-05,0,96,1,4,1
0.4679828694257398,5,0,1,2539.3074545834556,3,2,5,6.425218573162857e-05,1,45,1,0,1
0.061287002981454716,4,0,1,45536.86775504627,3,22,6,2.2435236064314426e-05,0,25,0,1,0
0.26552660383223603,9,1,1,43991.41323696111,2,13,2,6.371845301970943e-05,1,13,0,3,0
0.22231450542250114,4,0,0,42588.54074776181,6,23,5,2.7071519308171493e-05,1,56,0,2,1
0.3398951696620872,3,1,0,1673.6534100262961,4,22,5,5.280589766698442e-05,0,65,1,1,1
0.034594312541204666,9,1,0,44045.83564545983,4,18,0,1.2121759761267947e-05,0,32,1,4,1
0.33874008126774235,6,0,1,48126.99631316499,7,9,0,8.289150758875222e-05,0,85,1,2,1
0.05400988634473378,5,1,0,26941.51147513884,4,16,2,3.0454998357840527e-05,0,45,0,0,1
0.36475162553207957,9,1,0,39420.999326399935,8,20,6,3.1357218601895996e-05,0,77,1,1,1
0.3247894343233042,4,1,0,35182.65439120996,7,16,0,1.8951908386131013e-05,0,22,1,1,1
0.11634105701704722,4,1,1,18448.242519659612,8,16,5,5.3248148458770555e-05,1,18,1,0,1
0.48502961892476026,3,0,0,35030.31408307764,4,6,5,2.6632390303206304e-05,1,58,0,2,1
0.26657556528304505,9,1,1,43416.84192501139,3,17,0,8.8840566915801e-05,0,6,1,2,0
0.038226295990735515,9,0,1,46069.657429949446,5,21,4,2.4008986103646812e-05,1,23,0,1,1
0.035152545735528326,8,1,0,49424.953096057965,3,23,5,3.712666897364395e-05,1,74,0,0,1
0.006289093987666662,6,1,1,42493.76798016644,4,6,5,2.853887814012638e-05,1,57,0,4,1
0.09497189217913674,4,1,1,45141.9662874948,6,16,0,2.712485763324265e-05,0,40,0,3,1
0.20306307049905492,9,1,1,40968.386769956945,8,9,0,6.963904680903174e-05,1,24,0,1,1
0.45415844183527726,6,0,1,6555.383198471969,3,8,3,8.60434952080864e-05,1,54,1,4,1
0.04299087709140965,8,0,0,16730.457947265786,6,0,0,6.428653034416825e-05,0,58,1,0,1
0.417375710077189,6,0,1,31505.02017487457,8,16,5,8.278295222486121e-05,0,73,1,1,1
0.35976161555405617,8,0,0,37074.91434586635,7,14,4,4.993285232966544e-05,0,37,1,3,1
0.051886636110806926,6,0,1,35942.006723398656,2,13,2,8.687197232828144e-05,0,70,1,2,1
0.2897385689205282,4,1,0,14647.523451407984,4,17,0,9.332449006925547e-05,0,5,1,4,0
0.45712171075015945,4,0,0,29420.24892704847,6,14,5,6.953751403714726e-05,1,55,1,3,1
0.13570032060553977,3,0,0,48938.1139237796,2,8,0,7.637827034267211e-05,0,30,1,1,0
0.04432084836355724,4,0,0,32539.93705551939,6,1,0,5.589535299338218e-05,0,52,1,2,1
0.045464117573022524,6,0,0,48767.3068050121,5,18,5,1.4743115251112682e-05,0,64,0,0,1
0.35192926663890445,7,1,1,28749.428033427776,6,9,6,9.12710138355221e-05,0,81,1,1,1
0.17785865592102304,9,0,0,20677.50332885909,4,22,1,6.387883516854717e-05,1,60,1,4,1
0.42967965590164153,8,0,1,27636.038335601606,5,0,3,6.867872820802244e-05,1,81,0,0,1
0.27924898476640503,4,0,1,31690.687927703664,4,19,3,3.662057826598891e-05,1,58,1,4,1
0.11964559466543406,5,0,0,20931.161388269087,3,13,0,2.318754757239523e-05,1,54,1,3,1
0.012927874463040771,6,1,0,38054.19162122956,7,16,1,2.1102264592217767e-05,1,80,1,0,1
0.1641454494558239,5,0,1,39734.77386394955,7,9,3,7.048948183595366e-05,0,43,0,0,1
0.48022363703782484,5,1,1,37981.5984755848,7,18,0,5.977656535451522e-05,0,19,1,0,1
0.18857556561575925,7,0,0,13440.993229941665,7,21,2,9.222209665102049e-05,1,91,1,3,1
0.4350129316723443,3,1,0,32047.53993326619,7,2,6,5.8809711179056365e-05,1,51,1,0,1
0.19576382945583226,4,0,0,38772.43390094821,9,4,3,9.091179625779055e-05,0,9,0,0,0
0.4654797747092825,3,0,0,14947.859907841505,4,7,4,9.432209337629481e-05,0,59,0,3,1
0.21711734163877994,9,1,0,19022.135632268713,5,1,4,1.0725077581689177e-05,0,12,1,3,0
0.16908126156951575,3,0,1,36192.81750130539,3,6,0,3.459879715172415e-05,0,67,0,0,1
0.42420743051468746,6,1,0,44105.547563034685,8,20,5,3.5066521293262604e-05,1,26,1,3,1
0.16465846569745976,4,1,1,48472.78425923186,3,13,3,5.580811842440824e-05,0,25,0,3,0
0.07042577412221361,4,1,0,15365.207937056319,1,8,6,5.386829204889386e-05,1,93,0,4,1
0.07669373415208772,8,1,1,26662.359078835314,7,23,6,2.0302069579262317e-05,0,11,0,2,0
0.3832668229151137,8,0,0,30003.238005575568,8,15,1,9.501122643339692e-05,0,24,1,2,1
0.22148206465153553,3,1,1,28042.671435511318,4,23,5,1.0987634513574585e-05,1,89,1,4,1
0.19394767715532982,9,1,0,23299.926978670406,4,1,5,1.0445889034552205e-05,0,85,1,2,1
0.2642005542205174,6,0,0,44353.72415735987,3,15,0,3.268788559153759e-05,1,32,0,2,1
0.452678599890443,8,0,1,24434.808819312122,10,21,2,4.059608917485087e-05,0,68,0,3,1
0.015554483751655555,3,1,1,6815.605894621818,7,5,3,4.998535600329735e-05,1,26,1,4,1
0.20196165009352188,3,1,0,5063.827384114963,0,19,5,3.1203347665602944e-05,0,82,1,1,1
0.14360223890738238,8,1,1,33658.46792312921,3,1,2,1.0892697612684459e-05,0,64,0,3,1
0.11812907653345339,5,0,0,23291.879513177108,8,17,5,7.324820296880405e-05,0,99,1,4,1
0.0156409501795425,4,1,0,5698.009891939049,4,22,0,7.249549758275252e-05,1,33,0,1,1
0.20635181523988855,9,0,1,27626.488557317316,3,1,1,3.839208329451311e-05,1,46,1,1,1
0.26866971440067244,5,0,0,27093.258870793892,5,19,2,3.7138687382373354e-05,1,35,0,1,1
0.021894032174464038,7,0,0,44693.86823603413,7,3,1,9.117041574536768e-05,0,82,1,0,1
0.2306998392980395,8,0,0,12985.286545293704,5,6,5,1.310024729527938e-05,1,7,1,4,0
0.05553519613710276,6,0,0,17324.311091139887,4,22,3,6.984182230293402e-05,1,41,1,0,1
0.014039390341059508,3,0,0,4495.461980902105,4,2,1,7.836225529009736e-05,1,70,0,2,1
0.29817316775804126,3,0,0,31289.30949615004,5,18,1,2.132455839468069e-05,1,83,1,0,1
0.09841800301873896,4,0,0,38196.87507213135,6,8,4,4.8337788558764695e-05,1,95,0,0,1
0.02965244302853915,4,0,0,17888.245249048643,5,1,5,1.0450226729052205e-05,0,70,1,3,1
0.23764598507708537,5,1,1,11820.246253306472,7,5,5,7.724121163227117e-05,0,86,0,3,1
0.012341811443840164,4,1,0,48360.21456594257,9,6,2,4.41412524122111e-05,1,44,0,1,1
0.006258056755057159,9,1,0,8175.25669781904,10,19,2,4.807114152320065e-05,0,55,0,4,1
0.4707201176018733,9,0,0,16409.011529177977,0,12,6,7.987900949668396e-05,1,36,0,4,1
0.3738299503333237,5,0,0,12774.347355772139,4,7,3,7.403706483072878e-05,0,30,1,0,1
0.3357157104833689,6,1,1,44493.49468307393,3,20,1,6.28559528999764e-05,1,25,0,4,1
0.32371687634535196,9,0,0,25922.394934463944,5,5,3,4.537336412199041e-05,1,94,0,2,1
0.12754165670916823,8,1,0,22687.49925828678,6,1,4,7.686493592273222e-05,1,60,0,0,1
0.33739820114121866,9,1,0,2723.0106596233018,8,21,4,8.655066507127273e-05,0,17,0,4,0
0.4566408008779005,4,1,0,43097.38135585744,6,1,1,4.951116411677027e-05,0,70,0,3,1
0.1213356641154792,3,1,0,21942.70406832768,8,18,3,9.42189500526783e-05,1,77,0,3,1
0.3203373118508386,6,0,0,43705.74408924138,9,22,5,6.846310948795687e-05,0,14,1,2,0
0.33484280465897276,8,0,0,4311.422697494537,6,23,4,2.416237521460392e-05,0,56,1,0,1
0.043526531463952384,8,1,0,3225.878715616558,5,20,0,2.2715378638961322e-05,0,98,0,1,1
0.4407853181090639,3,0,1,21358.79695475785,3,19,6,9.54421122762388e-05,0,82,0,2,1
0.11618521934352957,9,1,0,23598.94557967328,5,20,6,7.508308940463842e-05,0,87,0,3,1
0.31514651667766386,9,0,0,12185.051324389811,5,0,3,6.655538546718077e-05,0,3,0,2,0
0.23086334376759277,9,1,1,24934.598921854176,8,13,6,8.049080855457072e-05,1,89,0,2,1
0.14494376712772783,6,0,0,30255.186098317885,4,12,2,4.832600880166861e-05,1,35,1,1,1
0.2325522259983958,9,0,0,36248.50992162603,9,16,1,1.1268075423180056e-05,1,20,1,4,1
0.38731300741481395,3,0,0,4791.821787329382,6,12,6,7.631666900139147e-05,0,53,0,4,1
0.40487695616022795,4,1,1,23362.30559523647,5,12,1,4.033705751231023e-05,0,19,1,1,0
0.3715670142617836,6,0,1,10841.408352328159,3,0,3,3.4472299881249686e-05,1,31,1,2,1
0.21160990161976367,4,1,0,20317.185693402233,6,16,3,2.6105531404353564e-05,0,43,1,2,1
0.420545641114287,4,1,0,17454.830381468128,8,22,3,8.89134940372212e-05,1,94,1,4,1
0.017797228934886188,8,0,1,40516.996228253185,5,13,0,3.030164720980981e-05,1,98,1,4,1
0.07418047640717634,8,1,1,46235.30651190472,9,1,3,6.830499483054192e-05,0,68,0,0,1
0.16298215697295448,8,1,0,39347.674207275,6,17,1,6.470190323655998e-05,0,32,1,3,1
0.36011458208781927,9,1,1,5690.910156569507,7,14,6,7.626051911313836e-05,0,58,1,4,1
0.18522299614460574,8,0,0,17951.707009798967,2,10,2,5.4678748045671576e-05,0,46,0,0,1
0.3184567830506126,7,0,1,10824.155201519214,7,3,6,5.1604797942056725e-05,0,32,0,0,1
0.2929246289965343,7,0,1,44957.9903770898,4,11,5,9.551018826595666e-05,0,50,0,3,1
0.3677904205828279,5,0,1,23118.043487409515,1,6,6,6.910849071138523e-05,1,75,0,2,1
0.45050272773453387,7,0,0,18926.749296244474,3,13,6,9.657554351331656e-05,1,42,0,2,1
0.23816063146767047,8,0,1,21022.97376664704,3,11,3,7.130189456080752e-05,1,37,0,2,1
0.48422042404994037,3,0,0,33795.62717990811,6,14,3,8.823161994492516e-05,0,34,0,0,1
0.008949086145454083,7,1,0,23669.987635036843,8,14,0,5.22843059300352e-05,1,55,1,2,1
0.020596750676325305,5,0,1,41289.43650752567,3,2,0,8.875649466973463e-05,1,13,0,4,0
0.1104643189919249,3,0,0,11737.679272707532,7,1,6,8.327223382093313e-05,1,14,0,4,1
0.45170619264319367,9,0,1,20407.948260119803,1,0,4,3.048550105146402e-05,1,67,0,3,1
0.45396167640721796,3,0,0,29806.754877831445,4,21,1,9.509200864721508e-05,1,4,0,4,0
0.23039945658386357,9,0,1,9469.063972192882,5,22,5,8.931991501648472e-05,0,36,1,1,1
0.10112810146989029,7,1,0,43308.76869464744,10,6,4,1.6087503524935916e-05,1,95,0,3,1
0.45831898467542886,8,1,0,6597.304520683296,8,8,1,6.305749469666119e-05,1,16,1,3,1
0.23082731545171006,7,1,0,1631.104796794599,5,0,5,5.642437693064474e-05,0,60,0,3,1
0.2398174868847739,8,0,1,15476.413012486932,9,22,0,1.747843117724543e-05,0,89,0,0,1
0.10681398151961805,3,1,1,23004.731461704734,8,3,5,5.121156351971856e-05,0,66,0,1,1
0.06626100302696802,6,0,1,35866.93594774925,0,9,1,9.755185383510585e-05,1,77,0,0,1
0.048961691585947216,3,0,1,13054.556613155564,4,5,0,6.886402753057135e-05,0,20,0,4,0
0.12093303680806469,5,0,0,42728.72593059781,2,5,3,2.093125127122015e-05,1,90,0,1,1
0.3626350449997418,4,1,0,35140.46963553014,4,23,3,6.681892390857585e-05,1,11,1,2,0
0.4588278094304687,9,0,1,9334.946557958918,7,19,6,6.599435001862833e-05,0,76,0,1,1
0.11259008570018408,3,1,1,4745.4314163922645,2,17,0,8.82070959024704e-05,0,74,1,2,1
0.11601061469366002,7,0,0,24682.800122451958,6,16,5,6.662863144528449e-05,0,55,0,4,1
0.29656332932984614,3,0,1,31244.905960159846,4,18,3,1.294903055130898e-05,0,15,1,3,0
0.033374857004519386,6,1,0,21706.90758904559,3,18,1,9.706915930885116e-05,0,32,0,4,0
0.16208838154122304,8,0,1,33550.65498413605,5,12,5,1.6489948960764973e-05,0,36,0,0,1
0.14620677997584938,7,0,1,29832.9504400526,4,15,1,5.815116152249698e-05,0,62,0,2,1
0.37886669745633483,3,0,1,17154.249868365696,3,10,6,6.0676240367794075e-05,0,30,1,0,1
0.27652438067475765,9,0,1,37740.586640239206,2,1,4,9.010094596275243e-05,1,93,1,3,1
0.45940813982245704,4,0,0,40403.05849012221,3,12,6,5.656016054769862e-05,0,43,1,1,1
0.09138187989484668,3,1,1,27483.582867440728,2,11,6,6.421319488639742e-05,0,39,0,4,1
0.4006896320592449,9,0,0,13031.430361643506,3,6,3,5.198912791378484e-05,1,16,0,2,1
0.34716045800635725,9,0,0,43319.605055854605,4,3,0,8.59838707708373e-05,1,30,0,2,1
0.4981594750237597,5,1,0,31430.254918890685,8,21,4,1.3888693729479505e-05,0,75,0,2,1
0.08018105821158714,9,0,0,24882.805366371427,4,19,6,2.715810420201813e-05,0,64,1,1,1
0.03052608366555864,4,1,0,34038.50320757461,2,16,2,5.520291580557542e-05,1,13,1,3,0
0.07374446901087248,9,1,0,49632.81584756501,6,14,5,8.991234324457561e-05,0,37,0,0,1
0.46354484382781447,8,1,0,38884.17838832891,4,4,2,7.208509706906456e-05,0,3,1,1,0
0.12514513903614005,5,0,0,32663.34049344431,4,3,0,3.926181294356075e-05,1,46,0,3,1
0.25561187720220346,6,1,0,36055.6320871392,4,3,1,2.746000510697309e-05,1,43,1,1,1
0.08574056130364173,5,0,1,12083.539965782962,1,5,2,9.915913792630256e-05,1,77,0,1,1
0.11585986441925698,9,1,1,23487.25047668899,3,13,0,5.8581147421104214e-05,0,14,0,1,0
0.2557731640829618,7,1,0,7602.360340433884,2,18,0,9.275503711621608e-05,1,19,0,3,0
0.05166924820183452,5,1,0,37234.607620856994,5,14,5,6.761655214990987e-05,0,14,0,4,0
0.2793811226275085,5,0,1,32252.98182292289,10,16,1,7.929010450616259e-05,0,54,0,0,1
0.46927500049800475,5,1,1,49475.78682055492,11,21,3,4.830197199131821e-05,1,53,0,1,1
0.12167586158109386,9,1,1,1237.0446622049399,4,16,0,9.317321675700474e-05,0,87,1,4,1
0.17592341388929436,9,1,0,1275.5236429225033,9,3,2,8.968318519723865e-05,1,74,1,4,1
0.29241994441254154,6,1,0,19567.777738510216,4,18,2,3.855467541473161e-05,1,99,0,4,1
0.07922066453820854,7,1,0,48735.005457189545,1,10,0,3.7150858675597926e-05,0,65,0,2,1
0.3639410041041609,3,1,0,48957.82342098531,3,12,6,4.891092607650342e-05,1,13,1,4,0
0.0068381929438100205,9,0,0,39990.05414937176,5,14,5,4.452090920495208e-05,0,24,0,0,0
0.09104899422691579,5,1,0,46011.151829609524,4,20,2,5.886688043024285e-05,0,11,1,4,0
0.24621955241078167,4,0,1,37521.79265686177,1,13,4,9.380136142160027e-05,0,54,0,1,1
0.35501619365670156,5,0,0,3004.8170887052966,4,4,4,7.633966307897686e-05,1,54,1,4,1
0.45527040686948417,9,0,0,44627.92724633698,5,5,6,8.060269455463253e-05,0,19,1,4,0
0.29543740494644616,3,1,1,32900.18277533967,5,5,4,6.977574182602383e-05,0,96,0,0,1
0.08079008610402169,5,0,1,3382.548197692716,3,20,4,5.433795129040995e-05,0,38,0,4,1
0.4238937505489529,9,1,1,47637.774143017945,3,4,0,1.8086988826781384e-05,1,12,0,4,0
0.05311815613069847,7,1,1,37328.745564690704,5,23,3,5.2045611097349414e-05,1,54,1,0,1
0.1863617449659858,8,0,0,5659.322761049407,7,9,4,3.524332297405441e-05,0,62,0,3,1
0.4402525714862716,9,0,0,13800.39212276401,11,14,3,9.979444314180124e-05,0,75,0,2,1
0.33009254662864745,7,1,0,30077.58461677938,2,5,1,8.773215007597913e-05,1,59,0,1,1
0.373506725848419,3,1,1,18694.6621094596,5,3,1,4.5946588360234105e-05,1,97,0,3,1
0.2719322281095994,9,1,0,42864.02369906938,3,16,5,6.676410556929212e-05,0,79,0,1,1
0.07881225490612069,9,1,1,14668.858786912797,1,13,3,2.6401602479500422e-05,1,99,0,3,1
0.24253359913100972,9,1,0,19827.820363302613,4,15,2,2.7683122216268683e-05,1,63,1,3,1
0.2515252950832111,3,0,0,29606.973365546746,7,16,1,4.296316519773008e-05,0,32,1,3,1
0.08278716964555764,5,0,0,47442.97575529853,2,2,6,3.1771260519326555e-05,0,34,0,0,0
0.31404124482200285,5,0,1,16771.198330386607,5,11,1,9.321334037163507e-05,1,7,1,1,0
0.10582888731636564,4,1,0,40400.948644955155,4,1,2,1.470367957539838e-05,1,60,0,1,1
0.46571248374492263,5,0,0,46367.64710569838,10,20,3,3.9126035778451705e-05,0,73,0,0,1
0.08135834497905002,9,0,0,33602.908576570444,5,10,1,1.3235326374556371e-05,1,66,0,4,1
0.38174362518970856,9,0,1,10387.005807355448,5,22,1,5.132002933972954e-05,1,76,1,2,1
0.4731799182915821,6,0,0,11121.068572132437,5,9,6,9.341065750936716e-05,1,43,0,1,1
0.14346464447653215,4,1,1,15016.563864424239,12,20,6,4.289086596038896e-05,1,48,0,2,1
0.19937006420323639,4,0,1,12337.227277699483,4,17,1,1.6696436346548257e-05,0,35,1,3,1
0.07621868571095629,4,1,0,42262.33955975579,6,9,0,7.004482813136927e-05,1,21,0,0,1
0.15889725349933315,4,1,0,47089.868659115185,6,5,5,7.692322596126174e-05,1,8,0,3,0
0.45372921250482917,7,1,0,48548.735337019454,7,17,3,9.824543455280694e-05,1,83,1,2,1
0.17682576944324072,3,0,1,18609.473673842844,3,0,0,1.6686516844065524e-05,0,84,1,4,1
0.34955569356753224,4,0,0,9561.46231672975,4,14,1,3.481778476409335e-05,1,88,1,0,1
0.0016343670621395006,5,1,1,44647.558915845664,6,7,2,2.0395831915408998e-05,1,49,1,4,1
0.033843721480250714,5,0,1,42301.06032426725,3,14,4,3.7165884016456867e-05,1,50,1,4,1
0.4704056652260161,9,0,0,19776.611921745858,4,20,4,1.652178683738861e-05,1,5,1,2,0
0.37682519382381946,9,0,0,46584.05131402493,4,14,6,1.7958250064571297e-05,1,66,1,3,1
0.01214942689663642,9,0,0,26162.32340344746,5,16,5,5.9775066571635726e-05,0,33,1,2,1
0.4738993096281034,4,0,1,21325.709736525278,5,10,0,6.37099789401093e-05,1,12,0,0,1
0.30057068926651626,3,0,0,39882.63327915919,7,10,6,1.2192690306323037e-05,0,34,1,2,1
0.42615576737646543,6,0,0,5463.567917123898,2,13,6,4.990837686821575e-05,0,91,0,4,1
0.34168199024329615,4,0,1,21348.1602586095,3,17,6,9.56043375222983e-05,1,68,1,1,1
0.04818180306862587,4,0,1,11692.32024136733,8,0,2,3.6629323377238633e-05,0,21,0,3,0
0.2078906667218292,3,1,1,23491.328757480824,6,4,5,4.230195582133515e-05,0,83,0,3,1
0.04934661547134222,8,1,0,9234.913993596296,6,12,3,4.596567724292446e-05,1,74,1,0,1
0.08704428565653329,9,0,1,4151.630939725056,7,5,0,5.8453965575154206e-05,0,38,1,2,1
0.11388589098731798,8,1,1,13388.992163859397,2,12,2,8.996667910193937e-05,1,99,1,0,1
0.34297502661059226,8,1,1,41078.0103486002,4,6,1,3.478538061983061e-05,0,36,1,3,1
0.39997630744856355,6,0,0,5709.105651681368,5,6,3,7.809416845681733e-05,0,66,1,1,1
0.12696379600604343,9,0,0,14671.534557766998,5,23,4,3.317587526590207e-05,0,77,1,4,1
0.3191788523137025,6,0,1,37607.818637930555,10,11,5,5.4936807306191404e-05,1,61,0,0,1
0.45765641815388197,8,1,1,1764.3831843882401,7,23,6,4.910946476672998e-05,1,31,1,2,1
0.30673266430286367,8,1,1,22328.751866334398,5,14,5,4.720738806491827e-05,1,74,1,0,1
0.37397667150946323,5,0,1,16720.04450125866,4,3,1,8.680487298621755e-05,1,42,0,3,1
0.1538863364058446,5,1,0,17927.34244037227,7,2,3,4.9808387994184776e-05,1,25,1,4,1
0.10746073869314188,7,0,0,48797.34150995588,2,12,6,4.888075692079589e-05,1,2,1,4,0
0.11748814655632235,8,1,1,4811.773213816653,2,10,1,5.104810189606358e-05,0,53,1,1,1
0.0348282219620402,3,1,0,7796.4973732809585,5,17,5,6.635802531575347e-05,1,20,0,3,1
0.0034696078964654604,9,0,0,23797.90790239086,3,0,4,9.438929529578834e-05,1,14,1,2,0
0.3840136325893689,6,0,0,23020.94195435644,2,10,2,4.871106782868167e-05,1,62,0,2,1
0.010910547056446855,5,1,1,25572.004441545807,5,23,5,4.364014156452481e-05,1,38,0,2,1
0.15217524927875836,6,0,0,20373.99930637704,4,16,6,8.443254052381973e-05,0,68,1,3,1
0.3836828197985852,3,1,1,46349.717509308284,6,22,2,3.602589633623671e-05,0,27,1,3,1
0.4427905127741121,8,1,1,37430.67694534811,5,9,4,3.591142666502472e-05,0,81,0,1,1
0.13037484212725317,7,0,0,20896.890838115145,5,8,1,9.70504197567914e-05,0,85,0,1,1
0.2601671960976791,3,0,0,37280.53314252612,5,20,3,5.71240001029901e-05,1,33,1,3,1
0.4771152850099212,4,0,0,38053.66477551225,8,21,1,2.478725341708306e-05,0,68,1,2,1
0.23977007597593603,3,1,1,33042.15910324198,4,3,1,7.103412586937852e-05,1,37,1,1,1
0.09768629293517422,6,1,1,10340.873032776775,5,11,2,5.134719496762252e-05,1,40,0,0,1
0.1868629527519485,5,1,0,41511.11963109519,4,13,2,3.648623827116984e-05,1,2,1,3,0
0.1334351997203342,8,0,1,44709.79008164796,4,7,0,4.687977187821531e-05,0,84,0,2,1
0.42207688716217967,5,0,1,46570.519876919025,6,4,1,2.0756557618638685e-05,0,72,0,2,1
0.2566518627157748,3,1,1,8044.480154672431,3,22,4,2.373147760990797e-05,0,14,0,3,0
0.3796231904208711,9,1,0,40130.92263423606,10,0,1,6.88140868326615e-05,1,51,0,4,1
0.3882396643288068,7,0,1,46949.896562793365,6,0,5,9.976138032440013e-05,1,46,1,3,1
0.014980867706979569,3,1,0,16034.254424832567,5,1,5,5.377864395462983e-05,1,31,0,3,1
0.3461762001513765,9,0,0,34176.26701398489,4,22,1,9.564852306510531e-05,1,45,1,0,1
0.002552807597865351,6,1,0,3847.0456247222533,7,1,3,7.549934373307558e-05,1,15,1,2,0
0.24081012205728425,6,1,0,45064.976799399374,4,13,1,8.33314108527691e-05,1,13,1,2,0
0.2607654868493957,6,1,1,12634.7766659181,7,9,4,1.6907244413274395e-05,1,20,0,4,1
0.012159505496735787,6,1,0,17799.069376916264,2,13,0,9.140640993034107e-05,0,27,1,1,0
0.1781172593711872,5,1,1,23764.81941064751,9,11,5,7.564290521381728e-05,0,68,1,0,1
0.008569950646115812,5,1,1,24153.043545492503,4,14,1,9.06594651337456e-05,1,61,1,0,1
0.40441778772252507,5,0,1,40669.084674282596,2,1,2,1.366887412671816e-05,0,34,0,2,1
0.1050077525942138,4,0,1,32896.012423628126,8,20,2,6.197232771964947e-05,0,93,0,2,1
0.12317853176765085,9,0,1,38936.5022526853,4,4,4,6.400035480061247e-05,1,93,0,3,1
0.3995145903209714,5,1,0,41542.30980091799,6,7,4,4.2579938606770615e-05,0,31,1,2,1
0.06697695231858682,4,0,1,4226.702653946595,7,0,2,2.5516846004052174e-05,0,7,1,3,0
0.3720033695855187,7,1,1,31835.647978624336,8,17,5,9.25738141133158e-05,1,15,0,1,1
0.4963324304077183,6,0,0,33887.376578060386,3,9,5,9.066625461797459e-05,1,93,0,3,1
0.11963674466245698,8,0,1,25471.869019040972,1,14,1,1.3518051941051197e-05,0,15,1,2,0
0.3857575190892699,8,1,0,9805.5761311136,7,20,2,2.5557091971497868e-05,0,81,1,2,1
0.19168872434603254,7,0,1,1607.9356203356401,4,20,5,2.3303786475154804e-05,1,77,1,0,1
0.2359269650884809,8,0,1,28042.409529518412,3,11,3,5.951820266860969e-05,1,43,1,3,1
0.10018843210704066,5,1,0,5753.713038442414,7,11,6,8.835672100535173e-05,0,38,1,3,1
0.02811359615511388,3,1,0,19295.73034956158,9,8,5,7.502450582070953e-05,1,73,0,2,1
0.15034330212372207,4,0,1,23001.360109798727,6,4,4,8.249065575225785e-05,0,49,0,4,1
0.3702383119784296,5,0,1,44163.14276815254,4,10,6,3.3012576168595116e-05,1,30,0,4,1
0.17822841306136564,9,0,0,43016.654737562865,3,6,5,2.4657476936281458e-05,0,48,1,1,1
0.39346190563100103,9,1,0,21652.92817459951,7,17,3,9.003972688182061e-05,1,95,1,4,1
0.021866921923050685,9,0,0,42236.30949988358,4,10,5,8.73531297880394e-05,0,59,0,0,1
0.20545798501410928,3,1,1,31309.660366446242,7,7,2,4.76512013505286e-05,0,79,0,1,1
0.2432895863046553,8,1,0,24933.722276644574,5,5,2,5.640014688002626e-05,0,55,1,3,1
0.1871850463522935,7,1,0,19795.8613928048,4,10,5,6.77561867848564e-05,0,98,1,1,1
0.09770237174799126,6,0,1,18156.65843030057,6,1,2,4.038497016477476e-05,1,24,0,0,1
0.4260767909811497,5,0,1,11203.96510178923,3,1,5,8.476484846791269e-05,1,81,1,0,1
0.1825451181078315,7,0,0,11622.082197766727,5,21,0,6.910899057391254e-05,1,75,0,1,1
0.11643060865472163,5,1,0,11423.602716887717,3,12,5,1.6060321404893262e-05,0,19,0,0,0
0.370392426910561,9,1,0,43824.53994215585,6,0,1,9.249906072636054e-05,0,64,1,2,1
0.43420550806242786,5,0,1,36152.0406727201,3,19,4,5.905342051637423e-05,0,71,1,4,1
0.24509997987186652,4,1,0,36687.7087617534,9,10,4,2.081154258071732e-05,0,75,0,1,1
0.2672290293670798,4,0,1,44816.052668894,4,3,2,5.913288306666667e-05,1,77,1,1,1
0.23354964943429646,4,1,1,9660.091628257047,4,11,5,2.9681470425353642e-05,0,92,0,4,1
0.015731785933840493,8,1,1,13106.511817196659,4,4,3,9.051412392458587e-05,1,51,1,3,1
0.37179777778759127,6,0,1,45257.2643407679,2,7,0,9.346889335722327e-05,1,79,0,4,1
0.44022117881858513,3,1,0,10728.619603489438,3,14,1,2.962371338156481e-05,1,24,1,1,1
0.31312351556862333,7,0,1,15820.346861865053,5,19,6,3.994494784682369e-05,1,52,0,3,1
0.4584777394531889,4,0,0,41911.530259749925,12,16,5,3.275253403330158e-05,0,63,1,1,1
0.17326772600748272,5,1,1,18515.85338747999,2,15,2,2.844234725331236e-05,0,4,1,2,0
0.0425889215819219,5,0,1,8516.290616466256,9,8,5,1.6342127760432236e-05,1,91,1,0,1
0.4544701731361459,9,1,1,7719.830073878799,7,12,2,8.252440121274206e-05,0,22,0,4,1
0.27337537070115586,3,0,0,35024.701519173104,6,17,4,3.2223229512768226e-05,0,99,0,0,1
0.3258487360500859,3,1,0,32418.405191774837,7,14,6,1.125004386009892e-05,0,98,0,4,1
0.31763020440261874,4,1,0,37146.53076033879,5,5,2,6.765545814971362e-05,1,5,0,1,0
0.08477954482630108,8,0,0,22200.478998228493,7,9,0,3.066994941063275e-05,0,36,0,2,1
0.3766942929654733,3,0,1,37169.718402488725,3,19,3,1.5349652957280386e-05,0,38,1,0,1
0.4449694602761939,6,0,1,16638.15283127094,10,4,0,2.110925581133734e-05,0,7,1,0,0
0.29376142147713413,6,1,1,9694.124343936655,16,16,4,7.149651779948857e-05,0,38,1,0,1
0.4222596608203113,9,1,0,15544.997929510702,6,17,6,2.7010465169254994e-05,0,89,1,1,1
0.0069853394446362385,7,0,0,20142.915286533615,6,1,0,6.914345709844191e-05,1,63,1,3,1
0.1731840902024285,3,1,0,10245.716845502659,10,12,3,9.588051919577818e-05,1,20,0,0,1
0.42976413798638446,3,1,0,16388.571322050157,5,17,5,1.3771642879620814e-05,1,85,1,1,1
0.1655988647644993,8,1,1,49769.33581798983,4,7,6,2.052421414763189e-05,1,72,0,1,1
0.11117605130743971,7,0,1,2865.770277992628,10,19,6,6.837792559989426e-05,0,87,0,1,1
0.3929036055551357,3,1,0,7781.592656937108,1,19,6,1.5228158016123094e-05,0,1,0,2,0
0.3024751501460225,5,0,0,26593.304394519328,3,5,3,5.7976576709836044e-05,1,39,1,4,1
0.3131094976796646,4,1,1,13996.28834515366,9,1,5,3.7970119636843906e-05,1,99,0,4,1
0.07762820114437295,6,0,0,35103.31992111368,3,18,0,5.438690151396136e-05,1,9,1,1,0
0.14834246279716926,7,1,0,29677.44379265254,6,19,3,5.218805766313315e-05,0,36,0,0,1
0.44478470997039904,9,0,0,34630.19982260308,5,1,3,3.746261054509753e-05,0,91,0,4,1
0.39533121303476143,9,1,0,20876.99241508298,3,6,0,6.687884736069595e-05,0,98,1,0,1
0.00826278053393413,4,1,1,40322.084325389966,5,7,3,6.0128176907820286e-05,1,26,0,0,1
0.31874292669114795,5,1,1,33863.44305702901,5,15,4,9.301053683584088e-05,0,66,1,0,1
0.19761617005271054,5,0,1,28003.456767737942,6,23,2,1.4484573790401673e-05,1,54,0,4,1
0.0878589802615059,5,1,0,22637.16887227453,4,21,2,7.009086433895557e-05,1,64,1,2,1
0.38312262246541284,7,0,1,27031.131448801465,6,11,3,6.140124358580894e-05,1,46,1,0,1
0.21733733566418498,9,1,1,28238.21839751819,3,4,3,6.891830871503787e-05,0,80,1,3,1
0.2867992354166293,4,1,1,32149.17434058617,4,18,4,1.0642798937439496e-05,0,81,1,3,1
0.14749804434966007,9,1,0,49632.50370993021,1,22,1,7.804754576545408e-05,1,69,0,1,1
0.33064094189647153,6,0,1,6701.791181529196,6,0,4,7.590765424099388e-05,1,29,0,0,1
0.3385403605476993,6,1,0,47838.4008307388,3,22,3,4.6943931068083696e-05,0,85,1,4,1
0.300600757523259,7,0,1,23206.365096658414,4,12,4,6.206975535789573e-05,0,51,1,3,1
0.10408341437903139,5,1,0,29125.190007426852,6,4,2,9.020439972060878e-05,0,97,1,4,1
0.3616123309252281,3,0,1,35264.23582700386,8,14,5,3.440984823523108e-05,0,91,0,0,1
0.30883699513167984,7,1,0,40721.56071111586,4,21,3,2.139134004279494e-05,1,32,0,0,1
0.19664811412083527,5,0,0,29478.909889749244,8,9,2,7.672091074421446e-05,1,48,1,2,1
0.12032765876660984,4,0,1,36335.1659303524,6,16,1,1.7444036211639096e-05,0,15,1,1,0
0.2466355368498616,9,1,0,44692.687994002896,2,12,5,5.3434736181299505e-05,1,30,1,4,1
0.2923360299997579,9,0,0,26816.432572204856,3,8,6,2.0804152243102662e-05,1,34,1,1,1
0.1862765329932096,5,0,0,12979.545746594451,5,15,4,8.406766461657005e-05,0,29,0,0,1
0.3821430743435618,5,0,0,15437.564920160581,4,16,0,7.986500045162438e-05,1,56,1,0,1
0.17664612775263996,8,0,0,3716.18722677113,6,9,2,9.57236383017731e-05,0,74,1,4,1
0.2686423950672248,8,1,1,23843.65934202759,4,6,5,8.44057117937607e-05,1,62,1,1,1
0.1047565778713026,3,1,0,17295.207479151217,7,7,5,6.454792164102513e-05,1,21,1,2,1
0.2494357729812243,9,0,0,33979.82018257044,5,17,3,6.496858656686552e-05,1,91,1,0,1
0.2800276765189312,8,1,1,46913.92163149108,5,11,2,3.0574982953246415e-05,1,90,1,2,1
0.2457353084367559,9,0,1,23233.348023042392,9,21,4,1.3392574440595651e-05,1,32,0,4,1
0.06713378826403059,5,0,1,12925.344231439924,5,9,4,2.7178640765525996e-05,1,99,0,3,1
0.2422857747203341,5,0,0,1836.9289712265181,3,18,6,2.7011305355708773e-05,1,82,1,0,1
0.21291161265698713,4,0,0,12775.478556396072,3,17,6,5.0746255055771864e-05,1,78,1,0,1
0.04850606424829727,8,0,0,6884.04415948797,5,18,2,9.076317431542556e-05,0,52,0,0,1
0.2858206385871471,7,1,1,39769.39187214772,7,12,5,7.906017463540041e-05,1,43,1,0,1
0.007218802808880857,5,0,0,37233.27606348048,5,0,3,6.158996776731204e-05,1,5,1,1,0
0.19040536520614276,4,0,0,12120.484208894663,8,14,1,6.717786094467376e-05,0,83,1,1,1
0.38267422021725184,3,1,1,28736.842655481683,0,18,4,7.354734884384138e-05,1,13,1,0,0
0.46523220909269775,4,1,0,10054.810384809844,1,0,3,1.564876492634026e-05,0,85,1,1,1
0.19995184548936554,5,0,0,3956.895257420516,5,19,6,3.996515061039518e-05,1,21,1,2,1
0.2605079855890645,6,1,1,47791.79345700644,7,17,2,1.37400182934208e-05,0,72,1,4,1
0.027846898113313968,3,0,1,35266.9710028307,5,12,4,2.386403695737821e-05,0,64,0,1,1
0.14911089172080835,7,0,0,10824.431991838925,5,20,5,2.655875125865101e-05,1,88,1,4,1
0.34893810643100254,8,1,0,40871.65965881366,9,18,3,3.573530229709345e-05,1,13,0,2,1
0.49872700119232266,7,0,1,2192.2739539814957,7,14,0,4.8298124066175496e-05,1,12,0,1,1
0.478420961888378,7,0,0,18125.790671401348,3,11,0,7.973855866779409e-05,1,17,0,0,1
0.49866206508251865,3,0,1,46176.56986478232,7,19,0,2.4030742894245068e-05,0,61,0,0,1
0.1539305698549856,4,1,0,1325.8761418097263,7,13,4,1.6868945282528863e-05,0,57,1,1,1
0.31316886635759406,6,0,0,37534.334041590766,4,22,2,2.933056157542747e-05,0,59,0,2,1
0.35575501674549764,6,1,1,6750.894866864825,9,22,2,5.712793527681302e-05,0,69,0,4,1
0.07483608919935764,8,1,0,6297.894682472802,3,6,0,1.5525425728381613e-05,1,82,0,3,1
0.4628452057244565,7,1,1,10274.99322091819,4,18,0,3.835687079986781e-05,0,23,0,3,1
0.26351218993460507,4,1,0,8169.837348880286,7,9,2,5.0063952041503905e-05,0,98,0,3,1
0.4420342727348248,7,1,0,49173.48766360927,2,1,0,2.953738084778784e-05,1,19,1,4,1
0.49303965018973955,3,1,1,7652.836221519749,5,8,0,4.873578499314578e-05,1,21,0,4,1
0.07806255962715135,7,1,0,48660.605464859225,9,7,1,9.749420264832294e-05,1,15,0,2,1
0.259761907626295,6,0,0,15910.880872227639,6,14,2,4.671922944581703e-05,1,15,1,2,1
0.36967812073557005,4,0,1,17034.76067891026,2,20,2,4.166955771295063e-05,1,8,1,4,0
0.13299956501310592,4,1,0,31783.887096371447,2,10,6,7.533627851795215e-05,0,52,1,2,1
0.0662227055580528,4,0,0,32062.06253325296,7,14,1,4.527428056107584e-05,0,9,0,4,0
0.437701553000575,9,1,1,2236.566449101561,3,23,5,9.787590003992404e-05,0,92,0,4,1
0.45147149409618503,5,0,1,45124.22993931584,6,11,1,5.504351970346904e-05,0,53,1,3,1
0.44049590938322025,4,0,0,3739.2667696533554,10,15,3,2.2072210527890143e-05,0,95,0,0,1
0.4229098528576351,4,0,1,29583.390245063296,10,21,4,2.5231984447019437e-05,1,5,0,4,1
0.44653993550323384,5,1,0,42331.499565773134,6,5,4,7.033919611573208e-05,1,14,1,0,1
0.21872626532994865,5,1,0,26653.54103824682,7,3,6,5.1413165238294995e-05,0,67,1,2,1
0.034792161112280465,5,1,0,34715.77924626641,5,8,2,5.8291586294691705e-05,0,37,0,0,1
0.06674443587888464,3,0,1,6515.202643812001,6,11,3,3.0280526490648365e-05,0,92,0,4,1
0.2750983151783872,7,1,0,22192.31967361399,6,10,6,3.6577466663480644e-05,1,27,0,3,1
0.4639395810831829,9,1,0,5326.116208098154,6,3,1,3.422170265348327e-05,1,48,0,0,1
0.44434311525457115,6,1,1,3588.4788669780755,5,8,5,7.541190449581439e-05,0,96,1,3,1
0.0856830227670275,5,1,0,30857.127448355583,4,13,5,4.0697922931131625e-05,1,72,1,2,1
0.3081448173352431,5,1,0,17398.197408444314,5,20,2,8.619064656584802e-05,1,45,1,2,1
0.3937111028842374,8,0,1,29390.919214391517,7,18,3,3.612104384585481e-05,1,60,1,1,1
0.1744238855683594,4,0,0,26632.11572659168,3,10,2,7.898575311219595e-05,1,23,0,2,1
0.4722097521399788,4,0,0,32664.308142869217,4,1,4,9.533130337262634e-05,1,41,0,1,1
0.20954951310522557,4,1,1,9676.228029207006,1,3,1,5.480810795027735e-05,1,37,0,3,1
0.27981341694189793,4,0,1,37233.47525311747,3,4,4,3.646425360642221e-05,1,26,1,0,1
0.0872924360696013,5,1,0,29588.179379196692,5,21,4,7.3942546250013e-05,0,95,0,3,1
0.4521136930658705,3,1,0,11001.859745941272,8,4,5,2.9822561109523178e-05,0,52,0,2,1
0.2760488693116785,3,1,1,47403.53216962983,5,8,0,3.8596713110419925e-05,1,6,1,0,0
0.2106684270576666,5,1,1,38383.65520643403,5,13,2,9.684584128281057e-05,0,76,0,2,1
0.1776022682293359,7,1,0,11048.327322939376,2,7,5,9.404014883693701e-05,1,74,1,4,1
0.156038480477984,9,1,1,2941.382141070784,7,20,0,9.11809976770352e-05,0,34,0,2,1
0.19942258009656913,8,0,1,22760.37102696957,4,0,0,8.083099722581672e-05,0,81,1,2,1
0.4176113410426068,8,0,0,34137.32914359481,4,1,2,5.818425919066292e-05,1,3,1,3,0
0.3595188688550649,4,0,0,32986.20121326294,4,1,3,8.131063415131842e-05,1,66,1,1,1
0.22663550007393457,3,1,0,2845.9211592712786,7,0,5,5.488142102864478e-05,1,13,0,2,1
0.343942455691809,6,1,1,11873.616967915643,5,18,3,2.4038128709093845e-05,1,38,0,1,1
0.24975818815156287,3,1,0,37833.632162499045,8,1,6,6.964625244683091e-05,1,5,1,4,0
0.1309437196726973,4,1,1,37625.387844274774,5,20,2,5.302122150850235e-05,0,21,1,1,0
0.08653781915443823,7,1,0,48155.54532165324,6,22,1,8.620565672330863e-05,1,31,0,4,1
0.34305639757187834,8,1,1,20238.595878360175,6,17,4,3.388305740362827e-05,1,61,0,2,1
0.2009365864317651,7,0,0,42827.569184257736,4,15,3,3.2775760128341486e-05,0,29,0,3,1
0.4554834257417715,4,1,1,8067.939226913314,5,1,3,2.3311593307093e-05,1,57,1,2,1
0.002143786015360128,5,1,1,42237.828185346676,9,13,1,7.016462636194747e-05,1,7,1,3,0
0.3596142698950586,9,0,0,2154.005236445905,10,5,4,5.382863444750581e-05,1,62,1,3,1
0.20019751692190965,9,1,0,35055.98350187443,7,9,3,8.519301378879175e-05,1,5,1,1,0
0.09029956504415186,4,0,0,46379.977356595955,10,16,6,1.5032947404963574e-05,1,21,0,4,1
0.4066721001805476,5,1,1,14208.751884330622,8,2,6,1.344408287826737e-05,0,10,1,2,0
0.08347327939607484,8,1,1,31857.88746827413,6,21,6,8.236977015371264e-05,0,1,0,3,0
0.4958529742117983,8,0,0,32772.402140941165,5,12,4,1.1681435272327424e-05,0,19,0,1,0
0.035441904762075024,5,0,1,15055.219823353884,5,17,4,6.237757595330405e-05,1,91,1,2,1
0.0052563580307361185,6,0,0,30986.39974860441,8,19,3,9.411527633629186e-05,1,28,1,4,1
0.3578362866863382,5,1,1,43081.56828525,9,22,5,2.706417889563406e-05,0,26,1,0,1
0.17574885977291568,9,1,1,10053.354850122492,6,19,3,4.0108724608972206e-05,1,79,0,0,1
0.11014202062309511,5,0,0,16586.268038077,5,19,5,4.097774047567293e-05,0,38,0,4,1
0.09732380510734032,3,1,1,15186.241711512524,4,2,2,6.766327779611576e-05,0,79,0,2,1
0.013282967979777639,4,0,1,45336.85043192345,3,3,5,7.750799750186357e-05,1,51,0,4,1
0.38300055588962395,8,1,1,23181.00050881374,3,11,1,9.495858578317989e-05,0,61,1,1,1
0.1758783350616405,3,0,1,32634.539388235928,7,18,2,4.265013586452352e-05,0,78,1,2,1
0.07005258571537587,4,0,0,30200.36913695577,5,7,2,2.7138972483811995e-05,0,27,1,1,0
0.45480647781565064,7,0,0,22805.55219660956,2,15,6,7.49314427192779e-05,0,75,0,3,1
0.1338267661192287,5,0,0,36575.274239878985,5,8,4,4.3491392305914656e-05,0,29,1,3,1
0.002277848719204285,9,0,0,35738.79888155058,5,20,6,7.303568121890389e-05,0,78,0,0,1
0.11931759069767764,5,0,0,37879.27505567654,4,4,1,9.296231537892759e-05,1,93,0,2,1
0.041044163598766635,7,1,0,16542.240030672154,7,10,0,4.018974887355662e-05,0,60,1,0,1
0.04933144278954457,8,0,0,4185.488031746679,3,19,6,9.92605029581137e-05,1,94,1,1,1
0.41484463970775515,5,0,1,34797.82759314744,3,11,3,9.885530836466166e-05,1,14,1,1,0
0.12050721497023943,7,0,0,29254.70904677198,3,5,1,6.469350952376145e-05,0,71,1,2,1
0.1333893869361772,3,1,0,27975.212207023083,0,8,4,6.251221343922116e-05,1,2,0,3,0
0.44198766749892704,8,1,0,45479.59145844876,6,19,4,5.959448911739318e-05,1,91,1,4,1
0.1628975435221244,5,1,1,39259.351595008804,3,19,5,3.846307981589516e-05,1,53,0,3,1
0.018113486996904866,5,1,1,17065.046152255083,2,4,4,2.013172151575065e-05,1,40,1,1,1
0.09928587697954537,3,1,1,31042.602437239693,7,0,0,7.990840730155306e-05,0,13,0,1,0
0.17042940808649493,3,0,0,45219.09661428654,7,8,0,6.488073002366168e-05,0,90,0,1,1
0.37246129927795735,5,1,0,35326.486519500664,7,19,2,7.924195356146224e-05,1,63,1,2,1
0.0601116887319907,5,1,1,45175.0943217835,5,20,1,3.125237056858951e-05,1,8,1,2,0
0.43971418323341327,3,1,1,20492.25499309669,6,21,0,1.5163915397468398e-05,1,40,1,2,1
0.18895565819189586,7,1,1,35922.73311468873,5,0,2,3.118624315977745e-05,0,92,0,0,1
0.28559237651180247,7,0,1,16972.236306418246,4,9,1,5.453676112023038e-05,1,52,1,4,1
0.10536660411210327,6,1,1,35987.19976522722,6,21,5,8.053127332227122e-05,0,63,1,4,1
0.0035835649044424133,3,1,0,20610.910383059116,5,4,5,4.2425970513860914e-05,0,85,0,0,1
0.10086993435237636,9,0,0,12317.945520548301,6,15,0,5.966665601883727e-05,1,39,0,1,1
0.19217158735776851,3,0,1,31147.261008341302,3,4,5,5.457399083524531e-05,0,36,0,3,1
0.4137204343392595,4,1,1,33880.303425768645,2,10,5,2.00232967094589e-05,0,14,0,1,0
0.0025406693338181517,5,1,0,30469.08846217325,7,8,6,1.7623254357988072e-05,0,36,1,1,1
0.10898496229208914,7,1,1,43797.85184831946,7,6,3,6.956867005978081e-05,0,86,1,4,1
0.10480787001364765,7,0,1,43719.57889580486,3,7,5,1.6588625696853336e-05,1,41,1,0,1
0.30248861659409476,9,1,0,32662.68360586723,5,17,0,6.589690242710127e-05,0,71,1,2,1
0.1547341868776516,5,1,0,28401.246647330612,4,5,4,1.1968353238891752e-05,1,80,1,3,1
0.29647410023693016,5,1,1,23217.01388666373,4,15,4,1.2548786073441786e-05,0,97,0,1,1
0.15983446133174464,6,1,0,6913.166337377987,3,8,2,6.651269861130851e-05,1,87,1,0,1
0.17332045464325524,8,0,1,11982.87280453799,5,17,6,1.235979467880305e-05,1,47,0,2,1
0.3896077260715988,8,1,0,20877.665108470894,3,23,0,7.243890835512297e-05,0,55,0,3,1
0.03272923461518197,4,1,0,30228.979192229162,5,0,4,7.803105596435006e-05,0,57,1,2,1
0.2396146820577946,9,0,1,22809.925879525563,3,0,1,7.622897172385148e-05,1,13,0,3,0
0.303857520347108,4,0,0,49171.74246092931,1,22,5,6.160486167427657e-05,1,56,0,1,1
0.42523813574139857,8,0,1,42549.55004755215,5,6,3,2.9045653910514357e-05,1,57,0,1,1
0.28546183862039465,5,1,1,27386.749214488344,7,15,3,4.575527753197963e-05,0,90,1,1,1
0.30113444413597207,6,1,0,15896.740729065243,1,12,1,3.8130912739261385e-05,0,9,0,0,0
0.11679432437291606,6,0,0,43706.75378706882,5,4,4,5.374241141489279e-05,1,70,0,0,1
0.03199571429843745,3,0,1,22499.800953052636,5,2,3,2.0344213010722532e-05,1,84,1,2,1
0.41753284706623917,8,1,1,7564.061297177353,3,2,4,3.079324187562355e-05,1,94,0,3,1
0.2347862070704445,8,0,0,8685.654699066972,6,3,5,6.156644866643675e-05,0,30,0,2,1
0.07277430318797075,3,1,0,49880.422266183654,2,12,6,9.573163430674067e-05,1,98,0,2,1
0.12228582406596011,4,0,1,27758.342418070657,8,19,3,6.356643311831188e-05,0,15,0,2,0
0.08528495630264701,3,0,0,9637.981435234658,6,8,5,5.7217790292684055e-05,1,62,0,4,1
0.2425583032626966,8,0,1,28736.872726901747,3,7,0,8.990628230997567e-05,0,68,1,0,1
0.4159779041947425,3,0,1,48871.35016458394,6,16,5,8.71274551716423e-05,0,40,1,1,1
0.1981255234358203,6,1,0,19316.148315540675,3,15,4,8.468203596570981e-05,1,70,0,0,1
0.20772998876589943,4,1,1,1926.6529822427306,6,0,5,6.0707720338406674e-05,0,64,0,2,1
0.2151953633392767,9,1,0,34567.7466110801,5,0,1,2.7601982947368023e-05,1,97,0,3,1
0.3490346282389747,6,0,0,25060.314947767845,2,18,0,9.780397801952317e-05,1,4,1,4,0
0.08212514954567965,5,1,1,19988.160438510018,2,7,2,6.638134943319677e-05,0,10,1,3,0
0.14297446097965752,5,0,1,11713.640487670698,3,11,1,9.299680635994567e-05,1,56,1,3,1
0.29802235847714204,3,0,0,7706.868447667297,5,10,6,8.138023534891215e-05,1,59,0,0,1
0.0846890268575995,8,0,0,41337.70276803411,7,2,0,4.6528648496365724e-05,1,16,0,2,1
0.15633896332512157,5,1,1,13149.741133808102,4,4,2,9.130904850921057e-05,0,48,0,0,1
0.02426298141826066,6,1,0,14268.70187821488,4,13,0,3.518374367135627e-05,0,61,0,4,1
0.021505854724148055,5,1,0,21697.051772508716,4,4,4,3.1761848717964204e-05,1,46,1,4,1
0.11319522528859746,6,1,1,5959.717020969321,5,13,4,7.174577443404884e-05,0,85,0,1,1
0.16975621971812613,5,1,1,30448.64843367572,11,4,4,9.79481568546855e-05,1,40,1,1,1
0.27942335826761877,4,0,1,48960.47418383179,5,15,1,8.635287027886236e-05,1,5,0,3,0
0.14086689256409196,4,0,1,16560.74196775793,7,11,0,4.462787304845662e-05,1,42,0,2,1
0.1667297127778171,6,0,0,9030.006505031512,5,21,0,2.7376708491034527e-05,1,99,1,4,1
0.2466780925410712,7,0,1,22147.529272159343,4,7,5,8.754193700314387e-05,1,34,1,3,1
0.2847553981606819,7,0,0,36165.388959255964,3,3,5,9.357876445738348e-05,0,98,0,0,1
0.1754386544267299,3,1,1,16720.127328435734,5,16,2,1.2403448698081357e-05,1,63,1,0,1
0.11671476688453226,9,0,1,12934.404753172574,2,18,4,4.2767632995244226e-05,1,66,0,2,1
0.28457136650446435,9,1,1,26855.2837837231,4,13,0,8.320179870402977e-05,1,5,0,2,0
0.39014041766376767,4,1,0,8882.512646688348,3,15,1,9.283843193283337e-05,0,16,1,4,0
0.3895861636413949,5,0,1,34704.697970132016,6,20,4,7.318219240114292e-05,0,16,0,1,0
0.46628302604066907,5,1,0,11689.55246639329,4,2,5,2.6870047894150565e-05,0,15,1,2,0
0.45491461501801345,5,1,1,27816.812114538538,4,20,0,1.2982722562572767e-05,1,20,1,2,1
0.17345971333948648,5,1,0,35981.40194347174,2,18,2,2.1119002934392362e-05,0,47,1,2,1
0.41215989030126793,4,1,0,46968.99545624488,4,0,4,8.848166167436326e-05,1,36,0,4,1
0.07478393487862547,4,1,1,8173.2197532666205,7,15,3,6.430434943781328e-05,0,58,1,0,1
0.31651016110766245,5,0,0,27149.524267404006,2,14,2,7.362188740744368e-05,0,58,1,4,1
0.4589074702569004,5,1,1,6276.1557216905385,6,0,3,8.005779404007719e-05,1,5,1,3,0
0.04828269530965264,4,0,0,37071.626555035604,2,17,1,4.2749510000271866e-05,0,76,0,0,1
0.38445895556207327,8,1,1,40945.77271260335,7,8,6,8.926343684206988e-05,0,48,0,3,1
0.4172810004103242,5,1,0,46148.14165925647,2,1,1,4.225569619061184e-05,1,63,0,3,1
0.322955466384277,7,1,1,24924.314195991832,2,15,1,5.9072713699952916e-05,1,37,1,2,1
0.19253015462333758,5,1,0,44117.62083961399,5,16,1,1.5896948582899226e-05,1,66,0,3,1
0.08896726379485015,3,0,0,4550.554765211733,6,13,5,6.723555238352472e-05,0,37,0,4,1
0.15381711852275773,8,0,1,13267.27587946925,2,19,5,2.734176384093202e-05,0,52,0,4,1
0.08977670798473485,5,0,0,20229.76688584636,6,19,0,6.0518260151195825e-05,0,33,0,1,1
0.3254412916685171,9,0,0,29788.867709988266,7,0,4,7.676408957198344e-05,1,28,1,2,1
0.01871287028549773,7,1,1,41540.89593725491,3,17,0,2.810537829710037e-05,1,19,0,3,0
0.3292823226080953,9,1,1,42529.19699261286,4,5,0,3.9788769910483226e-05,0,62,0,4,1
0.0802305886788059,9,0,1,30263.11418081839,3,11,1,3.847163282363025e-05,0,39,0,4,1
0.4682530631587861,7,1,1,38438.39124122406,5,2,6,8.369813075911192e-05,0,78,0,2,1
0.21333970012269216,5,1,1,2954.958726385983,5,4,1,6.015096885318235e-05,0,64,1,0,1
0.07902575581615265,9,0,0,10735.902205836921,6,6,6,5.7132436894766934e-05,0,84,1,0,1
0.18204650648473197,3,0,0,28513.255447890027,5,2,6,3.2982214281862914e-05,0,14,1,0,0
0.1378334692625911,8,0,1,39423.10032178502,9,14,4,8.711068119682087e-05,0,22,1,3,1
0.4334248740385665,3,1,1,1551.3620239763115,6,5,4,8.975812137629528e-05,1,88,1,4,1
0.4248661499150359,6,1,0,38814.245866094796,4,0,2,5.3733134024335536e-05,0,32,1,0,1
0.4567989581846628,8,0,0,39509.596674384375,13,1,4,4.650318531398533e-05,1,8,0,4,1
0.07321596525714343,9,0,1,48862.675664457915,1,2,5,9.49427303293266e-05,0,5,1,3,0
0.4901313067331438,3,1,0,34464.25004576761,10,20,1,1.8281270371271016e-05,0,35,0,3,1
0.3404736755584873,5,0,1,32395.489913387446,3,9,5,6.640725408763884e-05,1,75,1,4,1
0.3072382005320602,8,0,0,24040.530694034802,8,15,4,3.795488584396577e-05,0,13,1,3,0
0.49077340880822634,5,1,0,13075.315750262593,3,19,2,5.924847379741185e-05,1,84,0,4,1
0.34521549217514347,7,1,0,13656.557146042922,3,11,3,7.265282775705036e-05,1,57,0,0,1
0.0020201299789075053,5,1,0,17120.787884342244,4,11,1,3.45547878925137e-05,1,58,1,4,1
0.19303654111171759,8,0,0,18025.296049471344,5,5,3,2.3696557825315966e-05,0,34,1,2,1
0.18378847472469462,7,0,1,46569.004677525976,4,15,2,1.8990563086070615e-05,1,93,0,4,1
0.28911423867802366,3,1,1,35077.642223058014,7,12,5,4.771731858855876e-05,0,63,0,0,1
0.4220480834231136,6,0,0,48285.598013573865,6,6,2,4.6729332404356095e-05,1,25,1,0,1
0.14551930833673832,8,1,0,34508.90731737144,5,12,2,5.123980312079858e-05,1,48,1,4,1
0.0014614859097844821,3,0,0,34381.04265780423,4,9,1,6.204732192014042e-05,1,22,1,3,1
0.4216421576755289,7,1,1,44779.055512885454,3,4,6,3.095571701844162e-05,0,71,1,3,1
0.36949218184277105,7,1,1,27988.31299800944,6,19,5,5.5049325429405646e-05,0,49,1,2,1
0.016539086802171463,8,1,0,6589.694301017381,3,17,4,9.396447099293538e-05,1,18,0,2,0
0.29459272704751455,8,1,0,48127.898577246,5,21,1,1.6669116057012595e-05,1,86,0,1,1
0.17814685980441888,5,0,0,22016.189360938206,4,23,2,1.2795298818733453e-05,1,30,1,2,1
0.24512120919785363,9,1,1,13613.047944174836,7,6,5,3.900571750536335e-05,0,2,1,4,0
0.21553080482243617,5,1,1,7217.637633379126,5,19,0,5.101540378633257e-05,0,1,0,4,0
0.23001484382242104,9,0,0,24382.400800788066,2,2,6,5.046331687664178e-05,0,14,0,1,0
0.08962362620536043,8,1,0,6655.304362033047,0,2,4,5.850216330207084e-05,1,19,1,1,0
0.05168947727512161,3,1,1,18199.575980344456,5,12,1,6.474632230434697e-05,1,35,1,3,1
0.47120671102638334,6,0,1,47005.349250999294,7,14,4,5.8465687368593864e-05,0,3,0,0,0
0.47393703430367456,6,0,0,14765.256944742707,8,21,0,1.8466895687617542e-05,0,33,1,2,1
0.21625130677281168,6,0,1,22935.779456419477,3,5,3,9.660782231783637e-05,1,79,0,4,1
0.02794717050746903,8,0,1,38783.888139007286,6,17,5,9.14773781147701e-05,0,41,1,0,1
0.09184816066372004,8,0,1,26571.880257202356,6,22,1,3.294411164332361e-05,0,40,1,1,1
0.41868431938061074,4,0,0,32555.12915775771,7,20,4,4.769493810145351e-05,0,7,1,2,0
0.47379616091055915,3,0,1,12004.728901210925,4,23,5,6.033756991345745e-05,1,33,0,3,1
0.38848222990585574,9,1,1,28817.511084505535,1,21,0,5.254511071694021e-05,0,54,0,1,1
0.0690880786457272,3,1,1,21656.690967624523,5,2,6,6.165943672184375e-05,1,97,0,2,1
0.32938198239040317,4,1,1,14837.354700389067,4,7,3,8.858638449678243e-05,0,55,0,2,1
0.4093208740096227,7,1,1,11312.559148486598,4,1,4,5.211992000494578e-05,1,65,0,2,1
0.273202678120217,6,0,1,29675.1034368761,6,10,3,5.081450456848792e-05,0,69,0,3,1
0.33717691164567837,3,1,0,26204.15774750897,2,4,3,8.40592169216781e-05,1,57,1,1,1
0.015570437532745458,9,1,0,28767.15317056261,5,0,2,5.881418451394895e-05,0,89,1,4,1
0.45342619681259844,9,1,1,19877.058297291474,7,6,3,5.74629892595321e-05,0,27,0,2,1
0.3440482975096987,7,0,0,46412.81614538194,5,0,0,3.774642438587845e-05,0,46,1,4,1
0.17765844917420184,6,0,1,46406.33568812441,5,19,3,7.436429653274733e-05,1,40,1,0,1
0.32462348023178106,9,1,0,6216.219949492107,4,10,3,2.6743065153797733e-05,0,99,0,1,1
0.4723160583619772,3,1,0,44516.18765297685,4,23,3,7.556872320750199e-05,1,78,0,4,1
0.23093356386137895,4,0,1,35799.267420126635,5,15,3,9.491433910987535e-05,0,7,1,3,0
0.4366641371421246,9,0,0,27358.062187092895,3,21,6,6.574725192654303e-05,1,64,0,1,1
0.4198048606643374,4,1,1,44821.155213607184,4,5,2,7.334962870937317e-05,0,27,0,3,1
0.24877081862854059,6,0,0,48368.12432010628,3,0,3,7.745941013445991e-05,0,36,1,3,1
0.42338447766313536,5,0,1,27882.529629274304,7,10,2,5.213425306490855e-05,1,20,0,3,1
0.31779770359020176,7,0,1,40508.57487674854,3,0,5,6.195668536894858e-05,0,16,1,2,0
0.11909935236381296,9,1,1,31243.056587756397,1,14,0,3.2578433247939415e-05,0,66,1,4,1
0.1259728654207572,9,0,1,1582.2339866375776,5,18,1,1.502793563955774e-05,1,2,0,4,0
0.08324963473763813,8,0,1,3697.865413899091,5,17,1,7.902728371355794e-05,0,85,0,1,1
0.21832054017793756,3,0,1,26863.015641748676,3,1,2,4.7219774157124903e-05,0,28,0,3,0
0.002401093244290394,6,0,1,25811.307699268425,4,3,2,5.591604966344686e-05,1,29,0,0,1
0.1948163223611234,8,1,0,16312.372523586668,10,4,6,9.537577389897808e-05,1,1,0,0,0
0.41588274736266806,5,1,0,32637.923581807965,3,18,4,6.080302692994087e-05,0,63,1,1,1
0.48068739125644766,3,1,1,44903.27628436163,5,18,4,8.001527736275287e-05,1,29,0,2,1
0.4114575923930315,5,1,1,7402.802722134586,8,3,5,3.187498656089136e-05,0,12,1,2,0
0.37283129463985293,4,1,0,17543.619062632948,1,19,0,8.093807508653084e-05,1,27,1,2,1
0.485419802666495,7,1,1,11339.510660075057,1,23,0,3.10029173008634e-05,0,45,1,4,1
0.15478692018947246,9,1,1,40133.02960702352,4,18,1,1.6014838599023254e-05,0,61,1,1,1
0.22846377084465405,3,0,0,44893.29024456118,5,23,4,2.9820049761877798e-05,1,38,0,2,1
0.48547022597923134,4,0,1,24780.34077329355,1,1,5,8.929133363058171e-05,0,4,0,4,0
0.3364745341129326,3,1,1,3787.4453500912564,7,7,2,9.983490726716384e-05,0,62,0,2,1
0.32160938699261504,6,0,1,39347.95645950807,5,19,5,7.332276242159819e-05,1,32,0,2,1
0.029327003158755263,5,1,0,8494.685656151983,1,20,2,4.5982696418964e-05,1,93,1,1,1
0.16961651746017256,8,1,0,9227.682062424132,4,19,5,1.0545431348429699e-05,0,50,0,1,1
0.06202687871288923,3,0,1,18204.892221658076,3,9,3,9.005885317961377e-05,0,41,0,3,1
0.11105896054554168,7,1,0,2631.6653051811795,7,11,0,6.135883071189617e-05,1,12,1,0,0
0.48635948200672624,8,0,1,27469.82087172529,4,18,0,2.642570142906611e-05,1,71,0,2,1
0.03997488507286356,6,1,1,42246.22624124426,2,14,2,8.437939030091393e-05,0,88,0,4,1
0.09058540333196675,7,0,1,24806.00249825855,7,4,2,5.795818570013686e-05,0,64,0,0,1
0.47681452316771505,3,0,0,48137.4514295712,6,19,6,4.08795111618474e-05,1,60,1,2,1
0.2333112342830534,5,1,0,11900.881639475701,4,10,3,4.8120385845385814e-05,0,52,1,3,1
0.30171577968782404,6,0,1,13148.22023279565,5,10,4,4.963667892311791e-05,1,84,1,1,1
0.2564362461962364,3,1,0,18220.522960383445,3,12,0,2.5354766857602977e-05,1,56,1,4,1
0.26983719711402315,8,1,1,3435.4665222924227,0,16,0,6.321499442983646e-05,1,35,1,4,1
0.05295890108502605,8,0,1,42879.34535733825,4,0,2,9.256967578097746e-05,0,60,0,4,1
0.39003427769515203,9,1,1,46360.39872150681,4,10,1,9.527680197099893e-05,1,6,1,1,0
0.2679386163146963,7,1,0,40653.447155970294,5,12,6,9.039435036657897e-05,1,20,0,2,1
0.28200417857129384,8,1,0,4223.837858784118,5,1,1,6.716586198552534e-05,1,77,0,3,1
0.4037165477392375,4,1,0,3070.9692208319684,4,18,3,4.412313581530558e-05,0,10,0,1,0
0.49558491332429294,4,1,1,23444.744282152293,8,9,0,6.836587553400657e-05,0,19,1,1,1
0.2149669086721834,4,0,0,8615.686712498014,10,10,0,9.44718285826954e-05,1,20,1,3,1
0.03634355313676914,6,1,1,31823.411416384057,6,3,1,5.0713478944388036e-05,1,34,0,3,1
0.23689538888513956,6,0,0,46305.362774577254,10,0,1,4.655828738738969e-05,0,80,0,1,1
0.1161993504555696,7,0,0,24811.916353657165,5,15,0,9.557785320352756e-05,1,50,1,2,1
0.11321927337994643,6,0,1,13115.110673299123,3,23,1,4.695931212025846e-05,0,39,1,4,1
0.2422109171349032,8,0,1,17402.256181194865,5,3,0,9.22562623662713e-05,0,52,1,4,1
0.4331668514041046,8,1,1,13090.044927988773,2,9,5,8.760468932305352e-05,0,14,0,1,0
0.08138585159516788,8,0,0,36095.04895957367,12,17,5,3.5507187907336755e-05,0,78,0,3,1
0.2528836193908498,4,0,1,5389.492860547199,6,16,2,9.084437592839994e-05,0,72,0,1,1
0.37978717526739414,8,0,1,28594.50245835342,3,19,4,4.326301452469149e-05,0,51,1,2,1
0.04779298882290433,6,1,1,37036.80610416128,6,18,6,2.0358129008166184e-05,1,50,0,2,1
0.12067553127405664,5,1,0,36238.96459082911,4,19,3,6.24678718546913e-05,1,75,1,4,1
0.20252430484407247,9,1,0,19701.144604260066,6,22,3,7.201732848288422e-05,0,4,1,1,0
0.038441644115892314,3,0,0,8261.597171530177,2,0,4,9.099081539733535e-05,1,92,0,0,1
0.20337442811484105,5,0,0,7971.5791708232455,5,12,5,9.896672043559226e-05,1,99,0,3,1
0.17126444172118527,5,1,0,13191.49972075163,5,6,6,6.989635572989623e-05,1,86,1,0,1
0.12379611421614432,8,1,1,6898.4485894148775,10,4,4,6.854202497174236e-05,0,93,0,1,1
0.3672897458091614,7,1,1,41719.653354543196,6,13,1,3.8987661714991827e-05,0,96,0,4,1
0.432397865427092,5,0,0,5251.894765356294,6,5,4,4.7327432759770554e-05,1,40,0,2,1
0.05769156927641395,5,0,1,16255.165259845238,3,11,2,4.051733107336161e-05,1,53,1,2,1
0.3457874690516867,9,1,1,43114.48616258178,4,4,5,8.609910543832649e-05,1,58,1,0,1
0.09358359326124607,9,1,1,7137.0725775885685,2,2,3,8.368617191214191e-05,1,54,1,4,1
0.09214143570817658,4,0,0,32021.182728975207,8,0,1,9.819335392032554e-05,1,58,1,3,1
0.43869678109968485,8,1,1,39820.8292617557,3,0,1,9.773853189581288e-05,0,27,0,2,1
0.4586769167280864,6,0,1,29781.726961347726,6,15,1,6.479600433918416e-05,0,22,0,1,1
0.4912876046628518,8,0,0,6364.883027100181,3,20,4,1.9807532598835614e-05,0,3,0,2,0
0.12461724961883992,8,0,0,9626.75473486381,5,0,5,7.007085414319378e-05,1,91,0,0,1
0.014726065745245966,4,1,1,2886.519662882892,4,15,5,8.85093200745267e-05,0,59,0,1,1
0.4253727522136277,4,0,1,15115.424961821402,6,16,6,7.078781091591845e-05,1,65,0,4,1
0.2528729024016157,4,1,1,28789.70883800165,10,14,3,4.733692763346296e-05,0,81,0,2,1
0.4468534116138124,9,1,0,8675.38425447792,3,16,6,6.418874386548302e-05,1,35,0,4,1
0.31986125290065903,5,0,1,47501.13193365251,6,7,4,5.781612949056029e-05,0,59,1,2,1
0.36416062237972596,4,1,1,11216.133375212217,3,11,4,6.601800579847999e-05,1,85,1,2,1
0.08755866262702218,8,0,0,19512.3199748698,4,23,4,9.863147757226625e-05,1,79,1,2,1
0.42513479349059613,8,0,1,3731.7402055580105,9,22,6,4.47151875693641e-05,1,80,1,3,1
0.0027053703502565173,4,1,1,26011.247166402765,4,19,6,3.0514354154818044e-05,1,64,0,2,1
0.0549406192300368,7,0,0,39710.638771656835,2,4,6,8.708218664678989e-05,1,81,0,3,1
0.40463305141947054,6,1,0,23092.347417786903,4,4,3,3.2455219771227563e-05,1,96,1,1,1
0.4730497051734853,3,1,0,6986.165421775142,3,17,1,8.846404645793618e-05,1,79,1,2,1
0.20093292328675147,6,1,1,47390.53145612256,4,13,4,2.17153282595153e-05,1,62,1,2,1
0.31170724430050956,6,1,1,36109.50000604799,2,9,6,9.858857958494532e-05,0,78,0,3,1
0.22417329836191105,7,1,0,36834.01394560943,4,15,4,9.997637820214557e-05,0,7,0,3,0
0.4606733655333906,9,0,0,13688.18664522683,7,22,2,1.6463801698230796e-05,0,65,1,0,1
0.30614526294175476,3,1,1,28048.780201915728,6,19,5,2.2944462924630276e-05,0,12,1,4,0
0.4798712446266716,3,0,0,10257.531018556236,8,6,2,4.961442155298436e-05,0,82,1,2,1
0.13620830629563083,5,0,0,24452.082728033434,4,10,4,7.431828419927136e-05,1,29,0,2,1
0.24923314941088112,6,1,1,27702.328141443588,3,16,5,7.123729065913715e-05,1,54,0,1,1
0.31954395048259676,3,1,0,43154.8357760026,5,23,5,5.553377436135174e-05,0,94,1,0,1
0.10199420637653878,6,1,1,46505.171637067964,5,23,2,8.399800093366057e-05,1,65,1,1,1
0.47993012688900033,5,1,0,49875.85399856471,5,1,1,2.120791336351462e-05,0,27,1,3,1
0.2696848670395529,3,0,1,24650.970648077637,8,16,4,2.9907009147151186e-05,0,52,0,0,1
0.3236716175025124,5,0,1,37204.67086037482,5,23,0,3.417646708056697e-05,1,90,0,2,1
0.21613597207154264,6,0,1,33859.6045692358,1,4,4,1.7430237631128012e-05,1,2,0,2,0
0.185116680788452,9,0,1,32115.456379254876,7,7,2,7.656856323936688e-05,1,10,0,2,0
0.3453798608433606,5,0,1,32823.46819919116,2,23,0,1.5065304337267238e-05,1,27,1,4,1
0.2594668259903046,3,1,0,8437.214794358377,5,3,3,1.4534674837429984e-05,1,51,1,3,1
0.3423026103083551,4,1,0,36590.88481820116,5,5,0,1.3005901057510608e-05,1,33,1,0,1
0.3387436445843815,9,1,0,27406.416024169113,2,2,0,3.5167596367806474e-05,0,6,0,1,0
0.1389069572380934,3,0,0,24817.934447892178,4,21,1,8.28531308848118e-05,1,37,1,4,1
0.37341901765022356,6,0,0,49219.55172776601,8,18,2,7.771192889505301e-05,0,28,0,4,1
0.21530960173841956,7,0,1,18526.56123900633,5,15,4,4.1657954738213805e-05,0,45,0,2,1
0.1673202955343993,8,1,0,14289.96582528718,4,16,2,2.5426322789133503e-05,1,57,1,2,1
0.2514049544310757,5,1,1,12996.200813667003,4,15,0,6.57654737515139e-05,1,23,1,4,1
0.2572689242960004,7,1,1,14366.122152620257,6,16,1,3.573285132220698e-05,0,67,0,0,1
0.08938319167689884,9,1,1,28105.35547334848,5,8,4,9.422590427408604e-05,1,90,0,1,1
0.32679242729574365,7,0,0,32858.58960304799,4,11,6,6.787875691637584e-05,1,13,0,2,0
0.05421137606055359,3,1,0,37035.94260838765,4,20,5,7.750332541056534e-05,1,17,0,3,0
0.16405435767741877,6,1,1,40171.81372697725,4,21,4,5.0490507901690926e-05,1,29,0,1,1
0.0484018850235616,6,0,0,47750.03438454773,7,0,4,5.305705130711136e-05,0,5,1,0,0
0.1508145566218516,4,0,1,48576.07962635932,2,20,6,9.366194355613222e-05,0,8,0,3,0
0.08062696071106625,6,0,1,4506.271650042946,5,16,0,6.850016034287045e-05,0,41,0,1,1
0.209322891755845,6,1,0,36054.29406319004,3,12,5,8.566987470263213e-05,0,19,1,0,0
0.12177252300211751,6,1,0,6602.425451051833,11,2,4,2.5046615555083675e-05,0,59,1,4,1
0.38404690509792416,4,1,1,2838.8862586037053,4,5,6,1.6263309910961107e-05,0,58,1,2,1
0.18180679402881322,3,0,1,36378.908889817976,6,11,4,8.686907129661707e-05,0,90,0,1,1
0.3993737203691749,6,1,1,27185.56433702124,4,7,6,9.959182652347334e-05,1,36,1,0,1
0.3940744224094901,3,0,1,37286.65229423147,7,22,3,8.691741949689315e-05,1,77,1,3,1
0.4497674833637636,9,1,0,37405.86093131695,3,4,2,4.9304869928022265e-05,1,46,0,4,1
0.4944723703560269,7,0,0,37032.1946380096,4,7,2,6.65357131024564e-05,0,94,0,2,1
0.06213680909418387,4,0,1,22560.006658468807,8,2,2,3.206333155055226e-05,1,25,0,1,1
0.18169716991484292,3,1,0,17912.87838647817,6,8,0,8.899856808945989e-05,0,91,1,0,1
0.29060536614114285,7,1,1,4684.709593701789,5,16,4,2.656429109751241e-05,1,52,0,3,1
0.12364118333885835,8,1,0,15296.208929888757,3,18,6,3.701560968980657e-05,0,8,1,2,0
0.4965084684981533,3,0,1,6452.58402904494,4,20,0,5.523815618713531e-05,1,86,1,0,1
0.12537999540070233,5,1,0,42386.07657445813,10,11,2,4.688187709995818e-05,0,33,1,3,1
0.27150160982262206,8,1,1,22413.09476235364,5,7,0,9.239183940948368e-05,1,22,0,3,1
0.18345282765148546,3,1,1,6164.757380580368,3,13,3,4.6831636101981085e-05,1,27,0,1,1
0.3458498410415654,4,0,0,28172.900625654656,7,17,4,5.146738618235731e-05,0,23,1,0,1
0.21781113080323242,3,1,0,26377.23201083919,5,23,5,7.469271921972365e-05,0,65,0,0,1
0.24590653312335128,5,0,0,14757.021960443737,2,5,1,3.8786558696318644e-05,0,69,1,2,1
0.2078552479243739,9,1,1,17594.339630644005,4,18,6,7.921485803862463e-05,1,89,0,4,1
0.10883964857712651,7,1,1,14242.003083944639,6,23,4,2.972702134667404e-05,1,42,0,1,1
0.49812931132506877,8,1,1,44125.88231180962,5,15,1,6.35067552610952e-05,1,69,0,1,1
